_id,법원 소재지,사건 번호,소재지 및 내역
658d2a788da8273ce357c637,서울중앙지방법원,서울중앙지방법원\n2017타경4776,"서울특별시 중구 청계천로 318, 1층11호\n[집합건물 철근콘크리트조 19.83㎡ 2분의 1 한인성 지분 전부]"
658d2a788da8273ce357c638,서울중앙지방법원,서울중앙지방법원\n2021타경610,서울특별시 종로구 홍지동 129-14\n[토지 대 231㎡]
658d2a788da8273ce357c639,서울중앙지방법원,서울중앙지방법원\n2021타경610,서울특별시 종로구 자하문로41길 32\n[건물 블럭조 기와지붕 단층주택 33.80㎡ 블럭조 기와지붕 단층주택 6.96㎡ 블럭조 기와지붕 단층주택 1.56㎡]
658d2a788da8273ce357c63a,서울중앙지방법원,서울중앙지방법원\n2021타경1699,"서울특별시 관악구 난곡로26길 115, 2층203호 (신림동, 대림아트빌)\n[집합건물 철근콘크리트구조 37.77㎡]"
658d2a788da8273ce357c63b,서울중앙지방법원,서울중앙지방법원\n2021타경1712,"서울특별시 관악구 난곡로26길 115, 4층401호 (신림동,대림아트빌)\n[집합건물 철근콘크리트구조 28.92㎡]"
658d2a788da8273ce357c63c,서울중앙지방법원,서울중앙지방법원\n2021타경2708\n2022타경109279\n(중복),서울특별시 중구 저동1가 103-7\n[토지 대 38.3㎡]
658d2a788da8273ce357c63d,서울중앙지방법원,서울중앙지방법원\n2021타경2708\n2022타경109279\n(중복),서울특별시 중구 저동1가 103-8\n[토지 대 23.8㎡]
658d2a788da8273ce357c63e,서울중앙지방법원,서울중앙지방법원\n2021타경2708\n2022타경109279\n(중복),서울특별시 중구 명동길 81\n[건물 목조와즙 2층영업소 1층 23.14㎡ 2층 23.14㎡ 지하실 23.14㎡]
658d2a788da8273ce357c63f,서울중앙지방법원,서울중앙지방법원\n2021타경2807\n2021타경107832\n(중복),서울특별시 종로구 구기동 76-2\n[토지 전 5416㎡]
658d2a788da8273ce357c640,서울중앙지방법원,서울중앙지방법원\n2021타경3411,"서울특별시 중구 을지로45길 72, 3층85호 (신당동,디자이너크럽)\n[집합건물 철근콘크리트조 4.94㎡]"
658d2a788da8273ce357c641,서울중앙지방법원,서울중앙지방법원\n2021타경3718,"서울특별시 관악구 난곡로26마길 28, 1층204호 (신림동,라임카운티)\n[집합건물 철근콘크리트구조 29.16㎡]"
658d2a788da8273ce357c642,서울중앙지방법원,서울중앙지방법원\n2021타경105713,"서울특별시 동작구 상도로62가길 11, 4층403호 (상도동,보성팰리스17차)\n[집합건물 철근콘크리트구조 29.62㎡]"
658d2a788da8273ce357c643,서울중앙지방법원,서울중앙지방법원\n2021타경107535,"서울특별시 종로구 지봉로12가길 4, 5층501호 (숭인동,숭인빌라)\n[집합건물 철근콘크리트구조 29.72㎡]"
658d2a788da8273ce357c644,서울중앙지방법원,서울중앙지방법원\n2021타경109005,"서울특별시 서초구 사임당로 175, 1층103호 (서초동,갤럭시타워)\n[집합건물 철근콘크리트구조 48.66㎡]"
658d2a788da8273ce357c645,서울중앙지방법원,서울중앙지방법원\n2021타경109005,"서울특별시 서초구 사임당로 175, 1층105호 (서초동,갤럭시타워)\n[집합건물 철근콘크리트구조 47.95㎡]"
658d2a788da8273ce357c646,서울중앙지방법원,서울중앙지방법원\n2021타경109005,"서울특별시 서초구 사임당로 175, 1층106호 (서초동,갤럭시타워)\n[집합건물 철근콘크리트구조 34.49㎡]"
658d2a788da8273ce357c647,서울중앙지방법원,서울중앙지방법원\n2021타경109159,서울특별시 동작구 사당동 419-152 씨에스하우스 5층503호\n[집합건물 철근콘크리트구조 29.21㎡]
658d2a788da8273ce357c648,서울중앙지방법원,서울중앙지방법원\n2021타경109319,"서울특별시 동작구 성대로10길 62, 1층101호 (상도동,상도로지빌)\n[집합건물 철근콘크리트구조 29.25㎡]"
658d2a788da8273ce357c649,서울중앙지방법원,서울중앙지방법원\n2021타경110579,"서울특별시 관악구 쑥고개로2길 14, 2층201호 (신림동,리더스힐)\n[집합건물 철근콘크리트구조 29.99㎡]"
658d2a788da8273ce357c64a,서울중앙지방법원,서울중앙지방법원\n2021타경110579,"서울특별시 관악구 쑥고개로2길 14, 4층401호 (신림동,리더스힐)\n[집합건물 철근콘크리트구조 29.99㎡]"
658d2a788da8273ce357c64b,서울중앙지방법원,서울중앙지방법원\n2021타경110579,"서울특별시 관악구 쑥고개로2길 14, 4층402호 (신림동,리더스힐)\n[집합건물 철근콘크리트구조 29.97㎡]"
658d2a788da8273ce357c64c,서울중앙지방법원,서울중앙지방법원\n2021타경110579,"서울특별시 관악구 쑥고개로2길 14, 6층601호 (신림동,리더스힐)\n[집합건물 철근콘크리트구조 29.99㎡]"
658d2a788da8273ce357c64d,서울중앙지방법원,서울중앙지방법원\n2021타경111626,"서울특별시 관악구 봉천로23길 66, 3층301호\n[집합건물 철근콘크리트조 78.12㎡]"
658d2a788da8273ce357c64e,서울중앙지방법원,서울중앙지방법원\n2022타경1252,서울특별시 관악구 신림동 254-238\n[토지 대 139㎡]
658d2a788da8273ce357c64f,서울중앙지방법원,서울중앙지방법원\n2022타경1252,서울특별시 관악구 신림동 254-239\n[토지 대 139㎡]
658d2a788da8273ce357c650,서울중앙지방법원,서울중앙지방법원\n2022타경1252,서울특별시 관악구 대학12길 64\n[건물 철근콘크리트조및 연와조 스라브지붕 근린생활시설및주택 1층 135.54㎡ 2층 132.84㎡ 3층 132.84㎡ 4층 120.78㎡ 지층 83.75㎡]
658d2a788da8273ce357c651,서울중앙지방법원,서울중앙지방법원\n2022타경1962,"서울특별시 서초구 매헌로 16, 지1층리빙관지1지135호 (양재동,하이브랜드)\n[집합건물 철근콘크리트구조 192.21㎡]"
658d2a788da8273ce357c652,서울중앙지방법원,서울중앙지방법원\n2022타경1962,"서울특별시 서초구 매헌로 16, 지1층리빙관지1지136호 (양재동,하이브랜드)\n[집합건물 철근콘크리트구조 198.04㎡]"
658d2a788da8273ce357c653,서울중앙지방법원,서울중앙지방법원\n2022타경3814\n2021타경109715\n(중복),"서울특별시 서초구 서초중앙로29길 28, 303동 8층807호 (반포동,반포미도아파트)\n[집합건물 철근콩크리트조 84.96㎡ 갑구 4번 정유자 지분 20분의 10 전부]"
658d2a788da8273ce357c654,서울중앙지방법원,서울중앙지방법원\n2022타경4077,"서울특별시 서초구 잠원로3길 6, 101동 11층1105호 (잠원동,킴스빌리지)\n[집합건물 철근콘크리트조 23.70㎡]"
658d2a788da8273ce357c655,서울중앙지방법원,서울중앙지방법원\n2022타경101091,"서울특별시 동작구 국사봉10길 93, 4층403호 (상도동,동산휴그린타운)\n[집합건물 철근콘크리트구조 23.84㎡]"
658d2a788da8273ce357c656,서울중앙지방법원,서울중앙지방법원\n2022타경101770,"서울특별시 중구 을지로45길 62, 지하2층702호 (신당동,누죤빌딩)\n[집합건물 철골철근콘크리트조 5.040㎡]"
658d2a788da8273ce357c657,서울중앙지방법원,서울중앙지방법원\n2022타경102995,"서울특별시 동작구 국사봉8길 64-14, 5층502호 (상도동,미소가)\n[집합건물 철근콘크리트구조 24.36㎡]"
658d2a788da8273ce357c658,서울중앙지방법원,서울중앙지방법원\n2022타경103028,"서울특별시 관악구 남현12길 38, 지층비02호 (남현동,우현빌리지)\n[집합건물 철근콘크리트구조 53.02㎡]"
658d2a788da8273ce357c659,서울중앙지방법원,서울중앙지방법원\n2022타경103394\n2022타경110125\n(중복),"서울특별시 강남구 언주로30길 56, 디동 14층1408호 (도곡동,타워팰리스)\n[집합건물 철골철근콘크리트구조 143.11㎡]"
658d2a788da8273ce357c65a,서울중앙지방법원,서울중앙지방법원\n2022타경104427,"서울특별시 관악구 법원단지20길 9, 3층303호 (신림동,예그린)\n[집합건물 철근콘크리트구조 28.93㎡]"
658d2a798da8273ce357c65b,서울중앙지방법원,서울중앙지방법원\n2022타경104427,"서울특별시 관악구 법원단지22길 22, 에이동 5층502호 (신림동,우림아트빌)\n[집합건물 철근콘크리트구조 37.49㎡]"
658d2a798da8273ce357c65c,서울중앙지방법원,서울중앙지방법원\n2022타경104427,"서울특별시 관악구 법원단지22길 22, 비동 3층302호 (신림동,우림아트빌)\n[집합건물 철근콘크리트구조 37.49㎡]"
658d2a798da8273ce357c65d,서울중앙지방법원,서울중앙지방법원\n2022타경104427,"서울특별시 관악구 난곡로26길 115, 2층202호 (신림동,대림아트빌)\n[집합건물 철근콘크리트구조 38.35㎡]"
658d2a798da8273ce357c65e,서울중앙지방법원,서울중앙지방법원\n2022타경105222,서울특별시 종로구 평창동 179-5 밀레니엄 4층402호\n[집합건물 철근콘크리트조 81.9㎡]
658d2a798da8273ce357c65f,서울중앙지방법원,서울중앙지방법원\n2022타경105499,"서울특별시 동작구 양녕로22바길 7, 5층502호 (상도동,행복한동행)\n[집합건물 철근콘크리트구조 29.78㎡]"
658d2a798da8273ce357c660,서울중앙지방법원,서울중앙지방법원\n2022타경107044,"서울특별시 관악구 양녕로6가길 50, 4층403호\n[집합건물 철근콘크리트구조 18.59㎡ 대지권의표시 토지의표시 1. 서울시 관악구 봉천동 458-6 대 105㎡ 1. 서울시 관악구 봉천동 458-113 대 102㎡ 1. 서울시 관악구 봉천동 458-114 대 1175㎡ 대지권의종류 1,2,3 소유권대지권 대지권의비율 324분의 11.210]"
658d2a798da8273ce357c661,서울중앙지방법원,서울중앙지방법원\n2022타경107112,"서울특별시 관악구 난곡로57길 11, 비동 2층201호 (신림동,브라운캐슬)\n[집합건물 철근콘크리트구조 48.21㎡ 대지권의표시 토지의표시 1. 서울시 관악구신림동 1480-1 대 514.7㎡ 대지권의종류 1 소유권대지권 대지권의비율 514.70분의 30.014]"
658d2a798da8273ce357c662,서울중앙지방법원,서울중앙지방법원\n2022타경108337,"서울특별시 동작구 성대로6가길 149, 에이동 3층301호 (상도동,상도동아파트)\n[집합건물 철근콘크리트구조 81.10㎡]"
658d2a798da8273ce357c663,서울중앙지방법원,서울중앙지방법원\n2022타경109057,"서울특별시 관악구 관천로15길 43, 5층503호 (신림동,자이칸타빌)\n[집합건물 철근콘크리트 구조29.97㎡]"
658d2a798da8273ce357c664,서울중앙지방법원,서울중앙지방법원\n2022타경109057,"서울특별시 관악구 난곡로59길 31, 2층201호 (신림동,진주리츠빌)\n[집합건물 철근콘크리트구조 45.17㎡]"
658d2a798da8273ce357c665,서울중앙지방법원,서울중앙지방법원\n2022타경109057,"서울특별시 관악구 봉천로23다길 49-10, 1층102호 (봉천동,수팰리스에프티)\n[집합건물 철근콘크리트구조 29.85㎡]"
658d2a798da8273ce357c666,서울중앙지방법원,서울중앙지방법원\n2022타경112121,"서울특별시 관악구 행운9길 29, 2층204호 (봉천동,리벤하임)\n[집합건물 철근콘크리트구조 27.16㎡]"
658d2a798da8273ce357c667,서울중앙지방법원,서울중앙지방법원\n2022타경112701,"서울특별시 중구 다산로46길 17, 15층이스트1507호 (흥인동,청계천 두산위브더제니스)\n[집합건물 철근콘크리트구조 92.1357 ㎡]"
658d2a798da8273ce357c668,서울중앙지방법원,서울중앙지방법원\n2022타경112879,"서울특별시 중구 중림로8길 16, 3층302호\n[집합건물 철근콘크리트구조 37.58㎡]"
658d2a798da8273ce357c669,서울중앙지방법원,서울중앙지방법원\n2023타경379,"서울특별시 서초구 바우뫼로39길 88-17, 1층101호\n[집합건물 철근콘크리트구조 23.23㎡]"
658d2a798da8273ce357c66a,서울중앙지방법원,서울중앙지방법원\n2023타경379,"서울특별시 서초구 바우뫼로39길 88-17, 2층202호\n[집합건물 철근콘크리트구조 24.53㎡]"
658d2a798da8273ce357c66b,서울중앙지방법원,서울중앙지방법원\n2023타경379,"서울특별시 서초구 바우뫼로39길 88-17, 2층203호\n[집합건물 철근콘크리트구조 23.85㎡]"
658d2a798da8273ce357c66c,서울중앙지방법원,서울중앙지방법원\n2023타경379,"서울특별시 서초구 바우뫼로39길 88-17, 2층204호\n[집합건물 철근콘크리트구조 24.85㎡]"
658d2a798da8273ce357c66d,서울중앙지방법원,서울중앙지방법원\n2023타경379,"서울특별시 서초구 바우뫼로39길 88-17, 3층301호\n[집합건물 철근콘크리트구조 24.61㎡]"
658d2a798da8273ce357c66e,서울중앙지방법원,서울중앙지방법원\n2023타경379,"서울특별시 서초구 바우뫼로39길 88-17, 3층302호\n[집합건물 철근콘크리트구조 24.53㎡]"
658d2a798da8273ce357c66f,서울중앙지방법원,서울중앙지방법원\n2023타경379,"서울특별시 서초구 바우뫼로39길 88-17, 3층303호\n[집합건물 철근콘크리트구조 24.40㎡]"
658d2a798da8273ce357c670,서울중앙지방법원,서울중앙지방법원\n2023타경379,"서울특별시 서초구 바우뫼로39길 88-17, 3층304호\n[집합건물 철근콘크리트구조 24.60㎡]"
658d2a798da8273ce357c671,서울중앙지방법원,서울중앙지방법원\n2023타경379,"서울특별시 서초구 바우뫼로39길 88-17, 4층401호\n[집합건물 철근콘크리트구조 30.96㎡]"
658d2a798da8273ce357c672,서울중앙지방법원,서울중앙지방법원\n2023타경379,"서울특별시 서초구 바우뫼로39길 88-17, 4층402호\n[집합건물 철근콘크리트구조 31.00㎡]"
658d2a798da8273ce357c673,서울중앙지방법원,서울중앙지방법원\n2023타경515,"서울특별시 중구 퇴계로 72, 1층110호 (회현동1가,리더스뷰남산)\n[집합건물 철근콘크리트구조 46.06㎡]"
658d2a7a8da8273ce357c674,서울중앙지방법원,서울중앙지방법원\n2023타경744\n2022타경111906\n(중복),"서울특별시 서초구 반포대로 58, 판매시설및운동시설동 222호 (서초동,서초아트자이)\n[집합건물 철근콘크리트구조 46.247㎡]"
658d2a7a8da8273ce357c675,서울중앙지방법원,서울중앙지방법원\n2023타경744\n2022타경111906\n(중복),"서울특별시 서초구 반포대로 58, 판매시설및운동시설동 223호 (서초동,서초아트자이)\n[집합건물 철근콘크리트구조 32.328㎡]"
658d2a7a8da8273ce357c676,서울중앙지방법원,서울중앙지방법원\n2023타경744\n2022타경111906\n(중복),"서울특별시 서초구 반포대로 58, 판매시설및운동시설동 224호 (서초동,서초아트자이)\n[집합건물 철근콘크리트구조 32.328㎡]"
658d2a7a8da8273ce357c677,서울중앙지방법원,서울중앙지방법원\n2023타경744\n2022타경111906\n(중복),"서울특별시 서초구 반포대로 58, 판매시설및운동시설동 225호 (서초동,서초아트자이)\n[집합건물 철근콘크리트구조 35.022㎡]"
658d2a7a8da8273ce357c678,서울중앙지방법원,서울중앙지방법원\n2023타경744\n2022타경111906\n(중복),"서울특별시 서초구 반포대로 58, 판매시설및운동시설동 226호 (서초동,서초아트자이)\n[집합건물 철근콘크리트구조 35.022㎡]"
658d2a7a8da8273ce357c679,서울중앙지방법원,서울중앙지방법원\n2023타경744\n2022타경111906\n(중복),"서울특별시 서초구 반포대로 58, 판매시설및운동시설동 227호 (서초동,서초아트자이)\n[집합건물 철근콘크리트구조 29.9071㎡]"
658d2a7a8da8273ce357c67a,서울중앙지방법원,서울중앙지방법원\n2023타경744\n2022타경111906\n(중복),"서울특별시 서초구 반포대로 58, 판매시설및운동시설동 228호 (서초동,서초아트자이)\n[집합건물 철근콘크리트구조 30.1481㎡]"
658d2a7a8da8273ce357c67b,서울중앙지방법원,서울중앙지방법원\n2023타경744\n2022타경111906\n(중복),"서울특별시 서초구 반포대로 58, 판매시설및운동시설동 229호 (서초동,서초아트자이)\n[집합건물 철근콘크리트구조 30.14㎡]"
658d2a7a8da8273ce357c67c,서울중앙지방법원,서울중앙지방법원\n2023타경744\n2022타경111906\n(중복),"서울특별시 서초구 반포대로 58, 판매시설및운동시설동 231호 (서초동,서초아트자이)\n[집합건물 철근콘크리트구조 47.4286㎡]"
658d2a7a8da8273ce357c67d,서울중앙지방법원,서울중앙지방법원\n2023타경768,"서울특별시 중구 장충단로 247, 7층에프7309호 (을지로6가,굿모닝시티쇼핑몰)\n[집합건물 철골철근콘크리트구조 3.50㎡]"
658d2a7a8da8273ce357c67e,서울중앙지방법원,서울중앙지방법원\n2023타경768,"서울특별시 중구 장충단로 247, 7층에프7310호 (을지로6가,굿모닝시티쇼핑몰)\n[집합건물 철골철근콘크리트구조 3.50㎡]"
658d2a7a8da8273ce357c67f,서울중앙지방법원,서울중앙지방법원\n2023타경805,"서울특별시 중구 을지로 264, 5층5027호 (을지로6가,동대문패션티브이)\n[집합건물 철골철근콘크리트구조 3.97㎡]"
658d2a7a8da8273ce357c680,서울중앙지방법원,서울중앙지방법원\n2023타경805,"서울특별시 중구 을지로 264, 5층5028호 (을지로6가,동대문패션티브이)\n[집합건물 철골철근콘크리트구조 3.97㎡]"
658d2a7a8da8273ce357c681,서울중앙지방법원,서울중앙지방법원\n2023타경867,"서울특별시 중구 을지로 264, 4층4032호 (을지로6가,동대문패션티브이)\n[집합건물 철골철근콘크리트구조 3.97㎡]"
658d2a7a8da8273ce357c682,서울중앙지방법원,서울중앙지방법원\n2023타경881,"서울특별시 서초구 매헌로 16, 6층리빙관6층645호 (양재동,하이브랜드)\n[집합건물 철근콘크리트구조 12.80㎡]"
658d2a7a8da8273ce357c683,서울중앙지방법원,서울중앙지방법원\n2023타경881,"서울특별시 서초구 매헌로 16, 6층리빙관6층646호 (양재동,하이브랜드)\n[집합건물 철근콘크리트구조 11.61㎡]"
658d2a7a8da8273ce357c684,서울중앙지방법원,서울중앙지방법원\n2023타경966,"서울특별시 중구 을지로 264, 3층3028호 (을지로6가,동대문패션티브이)\n[집합건물 철골철근콘크리트구조 3.97㎡]"
658d2a7a8da8273ce357c685,서울중앙지방법원,서울중앙지방법원\n2023타경1020,"서울특별시 중구 퇴계로 123, 3층3063호 (충무로2가,하이해리엇)\n[집합건물 철골철근콘크리트구조 3.83㎡]"
658d2a7a8da8273ce357c686,서울중앙지방법원,서울중앙지방법원\n2023타경1082,"서울특별시 중구 퇴계로 123, 6층6101호 (충무로2가,하이해리엇)\n[집합건물 철골철근콘크리트구조 5.02㎡]"
658d2a7a8da8273ce357c687,서울중앙지방법원,서울중앙지방법원\n2023타경1228,"서울특별시 중구 퇴계로 123, 2층2088호 (충무로2가,하이해리엇)\n[집합건물 철골철근콘크리트구조 3.48㎡]"
658d2a7a8da8273ce357c688,서울중앙지방법원,서울중앙지방법원\n2023타경1518,"서울특별시 중구 을지로 264, 5층5084호 (을지로6가,동대문패션티브이)\n[집합건물 철골철근콘크리트구조 3.97㎡]"
658d2a7a8da8273ce357c689,서울중앙지방법원,서울중앙지방법원\n2023타경1518,"서울특별시 중구 을지로 264, 6층6112호 (을지로6가,동대문패션티브이)\n[집합건물 철골철근콘크리트구조 3.97㎡]"
658d2a7a8da8273ce357c68a,서울중앙지방법원,서울중앙지방법원\n2023타경1532,"서울특별시 중구 을지로 264, 6층6135호 (을지로6가,동대문패션티브이)\n[집합건물 철골철근콘크리트구조 3.97㎡]"
658d2a7a8da8273ce357c68b,서울중앙지방법원,서울중앙지방법원\n2023타경1594,서울특별시 관악구 봉천동 905-19\n[토지 대 180.2㎡]
658d2a7a8da8273ce357c68c,서울중앙지방법원,서울중앙지방법원\n2023타경1594,서울특별시 관악구 은천로10길 31\n[건물 철근콘크리트구조 (철근)콘크리트지붕 3층 단독주택 및 제2종근린생활시설 지1 101.36㎡ 1층 83.51㎡ 2층 83.51㎡ 3층 83.51㎡ 옥탑1층 42.67㎡ (연면적제외)]
658d2a7a8da8273ce357c68d,서울중앙지방법원,서울중앙지방법원\n2023타경1617,"서울특별시 중구 충무로 13, 2층207호 (충무로3가,엘크루메트로시티)\n[집합건물 철근콘크리트구조 16.50㎡]"
658d2a7a8da8273ce357c68e,서울중앙지방법원,서울중앙지방법원\n2023타경1617,"서울특별시 중구 충무로 13, 2층208호 (충무로3가,엘크루메트로시티)\n[집합건물 철근콘크리트구조 16.50㎡]"
658d2a7a8da8273ce357c68f,서울중앙지방법원,서울중앙지방법원\n2023타경1655,"서울특별시 중구 을지로 264, 6층6131호 (을지로6가,동대문패션티브이)\n[집합건물 철골철근콘크리트구조 3.97㎡]"
658d2a7a8da8273ce357c690,서울중앙지방법원,서울중앙지방법원\n2023타경1679,"서울특별시 중구 을지로 264, 3층3206호 (을지로6가,동대문패션티브이)\n[집합건물 철골철근콘크리트구조 3.97㎡]"
658d2a7a8da8273ce357c691,서울중앙지방법원,서울중앙지방법원\n2023타경1723,서울특별시 중구 신당동 333-130\n[토지 대 383㎡]
658d2a7a8da8273ce357c692,서울중앙지방법원,서울중앙지방법원\n2023타경1723,서울특별시 중구 다산로22길 45\n[건물 목조 스레트즙 단층주택 108.69㎡ 지층 1.65㎡ 목조 아연즙 단층 물치 3.31㎡]
658d2a7a8da8273ce357c693,서울중앙지방법원,서울중앙지방법원\n2023타경1730,"서울특별시 서초구 사임당로 130, 7동 13층1314호 (서초동,신동아아파트)\n[집합건물 철근콩크리트조 75.86㎡]"
658d2a7a8da8273ce357c694,서울중앙지방법원,서울중앙지방법원\n2023타경2597,"서울특별시 강남구 선릉로 221, 102동 16층1602호 (도곡동,도곡렉슬아파트)\n[집합건물 철근콘크리트구조 59.9772㎡]"
658d2a7a8da8273ce357c695,서울중앙지방법원,서울중앙지방법원\n2023타경2702,"서울특별시 서초구 신반포로23길 78-10, 6층602호 (잠원동,신반포중앙하이츠)\n[집합건물 철근콘크리트구조 53.31㎡]"
658d2a7a8da8273ce357c696,서울중앙지방법원,서울중앙지방법원\n2023타경2757,서울특별시 종로구 숭인동 56-177\n[토지 대 70.7㎡ 갑구 9번 조동선 지분 15분의 1 전부]
658d2a7a8da8273ce357c697,서울중앙지방법원,서울중앙지방법원\n2023타경2788,서울특별시 중구 충무로1가 23-19\n[토지 대 104.8㎡]
658d2a7a8da8273ce357c698,서울중앙지방법원,서울중앙지방법원\n2023타경2788,서울특별시 중구 명동8길 46\n[건물 1호 목조 세멘부록조 및 함석지붕 4층 점포 1층 84.32㎡ 2층 84.32㎡ 3층 84.32㎡ 4층 36.06㎡]
658d2a7a8da8273ce357c699,서울중앙지방법원,서울중앙지방법원\n2023타경2931,"서울특별시 관악구 남부순환로260길 65, 4층401호\n[집합건물 철근콘크리트구조 48.88]"
658d2a7a8da8273ce357c69a,서울중앙지방법원,서울중앙지방법원\n2023타경3095,"서울특별시 종로구 평창문화로 81-8, 3동 101호 (평창동,현대빌라)\n[집합건물 철근콩크리트조 층 146.59㎡ 지하 23.70㎡ 부속 차고 13.48㎡]"
658d2a7b8da8273ce357c69b,서울중앙지방법원,서울중앙지방법원\n2023타경3453,"서울특별시 종로구 평창11길 19-3, 2층 502호 (평창동,요진빌라)\n[집합건물 알.씨조 227.785㎡]"
658d2a7b8da8273ce357c69c,서울중앙지방법원,서울중앙지방법원\n2023타경3507,"서울특별시 강남구 언주로 122, 2층207호 (도곡동,우성캐릭터-빌)\n[집합건물 철골.철근콘크리트조 51.55㎡]"
658d2a7b8da8273ce357c69d,서울중앙지방법원,서울중앙지방법원\n2023타경3552,서울특별시 강남구 신사동 637-10\n[토지 대 382.5㎡ 갑구 1번 이훈숙 지분 2분의 1 전부]
658d2a7b8da8273ce357c69e,서울중앙지방법원,서울중앙지방법원\n2023타경3552,서울특별시 강남구 언주로174길 16\n[건물 철근콘크리트조 슬라브지붕 5층 근린생활시설 1층 187.7 ㎡ 2층 189.81㎡ 3층 189.81㎡ 4층 195.42㎡ 5층 60.28㎡ 지하1층 250.8㎡ 갑구 1번 이훈숙 지분 2분의 1 전부]
658d2a7b8da8273ce357c69f,서울중앙지방법원,서울중앙지방법원\n2023타경3637,서울특별시 종로구 익선동 21\n[토지 대 72.7㎡]
658d2a7b8da8273ce357c6a0,서울중앙지방법원,서울중앙지방법원\n2023타경3637,"서울특별시 종로구 돈화문로11나길 66\n[건물 철근콘크리트 평슬래브지붕 3층 위험물저장및처리시설, 주택 1층 31.16㎡ 2층 33.08㎡ 3층 38.23㎡ (내역:1층 위험물저장및처리시설, 2,3층 주택)]"
658d2a7b8da8273ce357c6a1,서울중앙지방법원,서울중앙지방법원\n2023타경100262,"서울특별시 관악구 난곡로30길 12, 3층304호 (신림동,예성휴캐슬)\n[집합건물 철근콘크리트구조 36.62㎡]"
658d2a7b8da8273ce357c6a2,서울중앙지방법원,서울중앙지방법원\n2023타경100866,"서울특별시 관악구 은천로35다길 26-4, 4층401호 (봉천동,더빌)\n[집합건물 철근콘크리트구조 53.47㎡]"
658d2a7b8da8273ce357c6a3,서울중앙지방법원,서울중앙지방법원\n2023타경100866,"서울특별시 동작구 국사봉10길 38-3, 4층402호 (상도동,미소빌)\n[집합건물 철근콘크리트구조 39.21㎡]"
658d2a7b8da8273ce357c6a4,서울중앙지방법원,서울중앙지방법원\n2023타경101388,"서울특별시 관악구 난곡로47길 10, 5층502호\n[집합건물 철근콘크리트구조 37.83㎡]"
658d2a7b8da8273ce357c6a5,서울중앙지방법원,서울중앙지방법원\n2023타경101852,"서울특별시 관악구 쑥고개로2가길 15, 3층303호 (신림동,뷰테라스)\n[집합건물 철근콘크리트구조 29.52㎡]"
658d2a7b8da8273ce357c6a6,서울중앙지방법원,서울중앙지방법원\n2023타경101920,"서울특별시 동작구 여의대방로26길 50, 4층403호 (대방동,성진리치빌)\n[집합건물 철근콘크리트구조 35.22㎡]"
658d2a7b8da8273ce357c6a7,서울중앙지방법원,서울중앙지방법원\n2023타경102107,"서울특별시 관악구 난곡로49길 20, 101동 2층203호 (신림동,골든네스트)\n[집합건물 철근콘크리트구조 28.49㎡]"
658d2a7b8da8273ce357c6a8,서울중앙지방법원,서울중앙지방법원\n2023타경102121,서울특별시 중구 신당동 133-20\n[토지 대 81.8㎡]
658d2a7b8da8273ce357c6a9,서울중앙지방법원,서울중앙지방법원\n2023타경102534,서울특별시 서초구 원지동 150-2\n[토지 전 3600㎡ 갑구 13번 현두선 지분 6분의 1 전부]
658d2a7b8da8273ce357c6aa,서울중앙지방법원,서울중앙지방법원\n2023타경103377\n2023타경105960\n(중복),"서울특별시 강남구 삼성로 150, 109동 2층203호 (삼성동,한보미도맨션)\n[집합건물 철근콘크리트조 174.67㎡]"
658d2a7b8da8273ce357c6ab,서울중앙지방법원,서울중앙지방법원\n2023타경103773,서울특별시 종로구 부암동 382-69\n[토지 대 73㎡]
658d2a7b8da8273ce357c6ac,서울중앙지방법원,서울중앙지방법원\n2023타경103773,서울특별시 종로구 부암동 382-68\n[건물 블럭조기와지붕단층주택 28.85㎡]
658d2a7b8da8273ce357c6ad,서울중앙지방법원,서울중앙지방법원\n2023타경103964,"서울특별시 강남구 삼성로4길 17, 506동 1층101호\n[집합건물 철근콩크리트조 53.98㎡]"
658d2a7b8da8273ce357c6ae,서울중앙지방법원,서울중앙지방법원\n2023타경103964,서울특별시 강남구 개포동 187\n[토지 대 55858㎡ 갑구 1번 장한수 지분 55858분의 45.06 전부]
658d2a7b8da8273ce357c6af,서울중앙지방법원,서울중앙지방법원\n2023타경104677,서울특별시 관악구 봉천동 178-158\n[토지 도로 40㎡ 갑구 2번 정성환 지분 3분의 1 전부]
658d2a7b8da8273ce357c6b0,서울중앙지방법원,서울중앙지방법원\n2023타경105007,서울특별시 강남구 도곡동 518-1\n[토지 대 495.9㎡]
658d2a7b8da8273ce357c6b1,서울중앙지방법원,서울중앙지방법원\n2023타경105007,서울특별시 강남구 논현로30길 14\n[건물 철골조 평슬라브 4층 근린생활시설 1층 270.30㎡ 2층 288.76㎡ 3층 288.76㎡ 4층 288.76㎡]
658d2a7b8da8273ce357c6b2,서울중앙지방법원,서울중앙지방법원\n2023타경105212,"서울특별시 동작구 성대로12가길 72, 5층501호 (상도동,강호빌리지)\n[집합건물 철근콘크리트구조 29.74㎡]"
658d2a7b8da8273ce357c6b3,서울중앙지방법원,서울중앙지방법원\n2023타경105670,서울특별시 동작구 사당동 1026-50\n[토지 대 200.3㎡]
658d2a7b8da8273ce357c6b4,서울중앙지방법원,서울중앙지방법원\n2023타경105717,"서울특별시 관악구 청룡4길 32, 8층802호 (봉천동,청룡오피스텔)\n[집합건물 철근콘크리트구조 14.26㎡]"
658d2a7b8da8273ce357c6b5,서울중앙지방법원,서울중앙지방법원\n2023타경105755,"서울특별시 관악구 신림로44가길 51, 2층201호 (신림동,삼성아트빌)\n[집합건물 철근콘크리구조 48.01㎡]"
658d2a7b8da8273ce357c6b6,서울중앙지방법원,서울중앙지방법원\n2023타경105793,"서울특별시 종로구 종로63마길 4, 지하1층201호 (숭인동,로하스빌12차)\n[집합건물 철근콘크리트구조 22.01㎡]"
658d2a7b8da8273ce357c6b7,서울중앙지방법원,서울중앙지방법원\n2023타경105878,서울특별시 중구 장충동2가 192-21\n[토지 대 23.1㎡ 경매할 지분 3분의 1 오산 지분 전부]
658d2a7b8da8273ce357c6b8,서울중앙지방법원,서울중앙지방법원\n2023타경106017,"서울특별시 관악구 은천로 93, 205동 16층1602호 (봉천동,벽산블루밍)\n[집합건물 철근콘크리트조 114.97㎡]"
658d2a7b8da8273ce357c6b9,서울중앙지방법원,서울중앙지방법원\n2023타경106192,"서울특별시 동작구 국사봉10길 93, 5층502호 (상도동,동산휴그린타운)\n[집합건물 철근콘크리트구조 17.06㎡]"
658d2a7b8da8273ce357c6ba,서울중앙지방법원,서울중앙지방법원\n2023타경106413\n2023타경3217\n(중복),서울특별시 동작구 사당동 1032-3\n[토지 대 131㎡]
658d2a7b8da8273ce357c6bb,서울중앙지방법원,서울중앙지방법원\n2023타경106413\n2023타경3217\n(중복),서울특별시 동작구 사당동 1032-6\n[토지 대 190.1㎡]
658d2a7b8da8273ce357c6bc,서울중앙지방법원,서울중앙지방법원\n2023타경106567,서울특별시 종로구 동숭동 201-28\n[토지 대 162㎡ 갑구 3번 최재은 지분 7분의 1 전부]
658d2a7b8da8273ce357c6bd,서울중앙지방법원,서울중앙지방법원\n2023타경106567,서울특별시 종로구 낙산3길 38\n[건물 벽돌조 평슬래브지붕 2층 주택 1층 69.81㎡ 2층 69.81㎡ 지층 69.81㎡ 내역 지층 대피실 보일러실임 갑구 1번 최재은 지분 7분의 1 전부]
658d2a7b8da8273ce357c6be,서울중앙지방법원,서울중앙지방법원\n2023타경106581,"서울특별시 관악구 행운5길 29, 5층502호 (봉천동,비쥬타운에이)\n[집합건물 철근콘크리트구조 26.25㎡]"
658d2a7c8da8273ce357c6bf,서울중앙지방법원,서울중앙지방법원\n2023타경106765,"서울특별시 관악구 난곡로24라길 21, 101동 4층401호 (신림동,씨지아름채)\n[집합건물 철근콘크리트구조 28.51㎡]"
658d2a7c8da8273ce357c6c0,서울중앙지방법원,서울중앙지방법원\n2023타경106796,"서울특별시 관악구 은천로35다길 26-4, 2층202호 (봉천동,더빌)\n[집합건물 철근콘크리구조 29.98㎡]"
658d2a7c8da8273ce357c6c1,서울중앙지방법원,서울중앙지방법원\n2023타경106871,"서울특별시 강남구 광평로19길 15, 108동 11층1106호 (일원동,목련타운)\n[집합건물 철근콘크리트조 134.71㎡]"
658d2a7c8da8273ce357c6c2,서울중앙지방법원,서울중앙지방법원\n2023타경106888,사용본거지 : 서울특별시 서초구 내곡동 1-593\n[K7 2012년식 승용차]
658d2a7c8da8273ce357c6c3,서울중앙지방법원,서울중앙지방법원\n2023타경106932,사용본거지 : 서울특별시 서초구 신흥말길 130-4\n[K5 하이브리드 2012년식 승용차]
658d2a7c8da8273ce357c6c4,서울중앙지방법원,서울중앙지방법원\n2023타경107072,"서울특별시 관악구 양지길 52-1, 105동 15층1502호 (신림동,관악우정하이비젼아파트2단지)\n[집합건물 철근콘크리트구조 84.58㎡]"
658d2a7c8da8273ce357c6c5,서울중앙지방법원,서울중앙지방법원\n2023타경107195,"서울특별시 관악구 신림로66길 42, 10층1004호 (신림동,신림큐브)\n[집합건물 철근콘크리트구조 13.41㎡]"
658d2a7c8da8273ce357c6c6,서울중앙지방법원,서울중앙지방법원\n2023타경107386,"서울특별시 강남구 삼성로 436, 5층501호 (대치동,바실리체)\n[집합건물 철근콘크리트구조 44.58㎡]"
658d2a7c8da8273ce357c6c7,서울중앙지방법원,서울중앙지방법원\n2023타경107515,서울특별시 강남구 청담동 13-12\n[토지 대 315.5㎡]
658d2a7c8da8273ce357c6c8,서울중앙지방법원,서울중앙지방법원\n2023타경107515,서울특별시 강남구 도산대로70길 23\n[건물 철근콘크리트구조 철근콘크리트지붕 4층 근린생활시설 지하1층 215.28㎡ 1층 172.56㎡ 2층 171.78㎡ 3층 165.48㎡ 4층 130.66㎡]
658d2a7c8da8273ce357c6c9,서울중앙지방법원,서울중앙지방법원\n2023타경107683\n2023타경111378\n(중복),서울특별시 관악구 봉천동 644-19\n[토지 대 175㎡]
658d2a7c8da8273ce357c6ca,서울중앙지방법원,서울중앙지방법원\n2023타경107683\n2023타경111378\n(중복),서울특별시 관악구 봉천로23다길 56\n[건물 철근콘크리트구조 (철근)콘크리트지붕 3층 단독주택 지1 91.85㎡ 1층 75.72㎡ 2층 81.51㎡ 3층 80.74㎡ 옥탑1층 10.08㎡(연면적제외)]
658d2a7c8da8273ce357c6cb,서울중앙지방법원,서울중앙지방법원\n2023타경107690,"서울특별시 관악구 관천로11길 95, 2층202호 (신림동,엠엘쉐르빌)\n[집합건물 철근콘크리트구조 38.42㎡]"
658d2a7c8da8273ce357c6cc,서울중앙지방법원,서울중앙지방법원\n2023타경107713,"서울특별시 중구 청계천로 400, 101동 32층3210호 (황학동,롯데캐슬 베네치아)\n[집합건물 일반철골구조 84.97㎡]"
658d2a7c8da8273ce357c6cd,서울중앙지방법원,서울중앙지방법원\n2023타경107720,서울특별시 중구 신당동 432-1234\n[토지 대 102㎡ 갑구 8번 박상현 7분의2 지분 전부]
658d2a7c8da8273ce357c6ce,서울중앙지방법원,서울중앙지방법원\n2023타경107720,서울특별시 중구 동호로11길 108-7\n[건물 연와조 슬래브지붕2층주택 1층 39.11㎡ 2층 39.11㎡ 갑구6번 박상현 7분의2 지분 전부]
658d2a7c8da8273ce357c6cf,서울중앙지방법원,서울중앙지방법원\n2023타경107812,서울특별시 종로구 평창동 416-17\n[토지 대 466㎡ 갑구 2번 최상미 지분 2분의 1 전부]
658d2a7c8da8273ce357c6d0,서울중앙지방법원,서울중앙지방법원\n2023타경107812,"서울특별시 종로구 평창42길 35\n[건물 철근콘크리트조 평경사슬래브지붕 2층 단독주택 및 근린생활시설 1층 138.43㎡ 2층 118.78㎡ 지층 113.40㎡ 용도내역:1,2층 주택 지층-주택 52.36㎡, 근린생활시설(사무소)61.04㎡ 갑구 1번 최상미 지분 2분의 1 전부]"
658d2a7c8da8273ce357c6d1,서울중앙지방법원,서울중앙지방법원\n2023타경107911\n2023타경107966\n(중복),"서울특별시 서초구 동산로19길 20, 4층402호 (양재동,꾸메빌)\n[집합건물 철근콘크리트구조 41.96㎡]"
658d2a7c8da8273ce357c6d2,서울중앙지방법원,서울중앙지방법원\n2023타경108075,"서울특별시 강남구 학동로68길 29, 115동 16층1602호 (삼성동,삼성동 힐스테이트1 단지)\n[집합건물 철근콘크리트구조 84.236㎡]"
658d2a7c8da8273ce357c6d3,서울중앙지방법원,서울중앙지방법원\n2023타경108204,"서울특별시 관악구 난곡로63길 26, 9층902호 (신림동,삼성 아파트)\n[집합건물 철근콘크리트구조 69.29㎡ 갑구 1번 채움산업개발 주식회사 지분 294분의 16.33 전부]"
658d2a7c8da8273ce357c6d4,서울중앙지방법원,서울중앙지방법원\n2023타경108280,서울특별시 강남구 역삼동 779-1\n[토지 대 313.6㎡]
658d2a7c8da8273ce357c6d5,서울중앙지방법원,서울중앙지방법원\n2023타경108280,"서울특별시 강남구 도곡로37길 38 (역삼동,스타빌딩1)\n[건물 철근콘크리트구조 평스라브지붕 6층 제2종근린생활시설,단독주택 지1층 129.01㎡ 1층 139.47㎡ 2층 150㎡ 3층 150㎡ 4층 150㎡ 5층 93.34㎡ 6층 69.43㎡ 옥탑2층 13.42㎡(연면적 제외) 옥탑1층 13.42㎡(연면적 제외)]"
658d2a7c8da8273ce357c6d6,서울중앙지방법원,서울중앙지방법원\n2023타경108334,사용본거지 : 서울특별시 서초구 신흥말길 130-4\n[BMW X5 xDrive30d 2015년식 승용차]
658d2a7c8da8273ce357c6d7,서울중앙지방법원,서울중앙지방법원\n2023타경108358,"서울특별시 서초구 반포대로 275, 124동 26층2601호 (반포동,래미안퍼스티지)\n[집합건물 철근콘크리트구조 222.15㎡]"
658d2a7c8da8273ce357c6d8,서울중앙지방법원,서울중앙지방법원\n2023타경108440,"서울특별시 동작구 사당로17길 111, 1동 9층906호 (사당동,현대아파트)\n[집합건물 철근콘크리트조 120.03㎡]"
658d2a7c8da8273ce357c6d9,서울중앙지방법원,서울중앙지방법원\n2023타경108495,"서울특별시 동작구 양녕로22다길 27, 4층402호\n[집합건물 철근콘크리트조 44.92㎡]"
658d2a7c8da8273ce357c6da,서울중앙지방법원,서울중앙지방법원\n2023타경108570,"서울특별시 종로구 평창문화로 142, 1층103호 (평창동,엘리시아)\n[집합건물 철근콘크리트구조 213.07㎡]"
658d2a7c8da8273ce357c6db,서울중앙지방법원,서울중앙지방법원\n2023타경108655,"서울특별시 동작구 국사봉10길 62-4, 2층203호\n[집합건물 철근콘크리트구조 29.85㎡]"
658d2a7c8da8273ce357c6dc,서울중앙지방법원,서울중앙지방법원\n2023타경108938\n2023타경108709\n(중복),"서울특별시 서초구 남부순환로 2183, 102동 15층1503호 (방배동,방배래미안타워)\n[집합건물 철근콘크리트구조 134.96㎡]"
658d2a7c8da8273ce357c6dd,서울중앙지방법원,서울중앙지방법원\n2023타경109085,"서울특별시 서초구 서초대로 13, 1동 11층1103호 (방배동,방배마에스트로)\n[집합건물 철골철근콘크리트구조 공동주택(아파트) 35.3700㎡]"
658d2a7d8da8273ce357c6de,서울중앙지방법원,서울중앙지방법원\n2023타경109092,"서울특별시 강남구 영동대로142길 25, 15층1501호 (청담동,청담아이파크)\n[집합건물 철근 콘크리트조 110.14㎡]"
658d2a7d8da8273ce357c6df,서울중앙지방법원,서울중앙지방법원\n2023타경109139,"서울특별시 관악구 조원로23길 5, 지하층비02호\n[집합건물 알.씨조 59.28㎡]"
658d2a7d8da8273ce357c6e0,서울중앙지방법원,서울중앙지방법원\n2023타경109245,"서울특별시 강남구 선릉로69길 19, 112동 11층1102호 (역삼동,역삼래미안)\n[집합건물 철근콘크리트조 59.53㎡]"
658d2a7d8da8273ce357c6e1,서울중앙지방법원,서울중앙지방법원\n2023타경109344,"서울특별시 동작구 남부순환로265길 13, 6층601호 (사당동,기쁨채)\n[집합건물 철근콘크리트구조 57.43㎡]"
658d2a7d8da8273ce357c6e2,서울중앙지방법원,서울중앙지방법원\n2023타경109351,서울특별시 동작구 사당동 419-152 씨에스하우스 3층305호\n[집합건물 철근콘크리트구조 17.09㎡]
658d2a7d8da8273ce357c6e3,서울중앙지방법원,서울중앙지방법원\n2023타경109368,"서울특별시 관악구 국회단지길 64, 3층302호 (봉천동,나무그늘빌)\n[집합건물 철근콘크리트구조 29.97㎡]"
658d2a7d8da8273ce357c6e4,서울중앙지방법원,서울중앙지방법원\n2023타경109597,"서울특별시 관악구 은천로35라길 25, 2층203호 (봉천동,프라임21)\n[집합건물 철근콘크리트구조 32.46㎡]"
658d2a7d8da8273ce357c6e5,서울중앙지방법원,서울중앙지방법원\n2023타경109627,"서울특별시 서초구 반포대로23길 64-7, 비동 1층102호 (서초동,삼성홈스테이)\n[집합건물 철근콘크리트구조 29.96㎡]"
658d2a7d8da8273ce357c6e6,서울중앙지방법원,서울중앙지방법원\n2023타경109696,서울특별시 동작구 사당동 419-152 씨에스하우스 4층405호\n[집합건물 철근콘크리트구조 17.09㎡]
658d2a7d8da8273ce357c6e7,서울중앙지방법원,서울중앙지방법원\n2023타경109931,"서울특별시 관악구 낙성대역10길 21, 1층102호 (봉천동,대호리치빌)\n[집합건물 철근콘크리트조 68.74㎡]"
658d2a7d8da8273ce357c6e8,서울중앙지방법원,서울중앙지방법원\n2023타경109979,"서울특별시 종로구 종로31길 43, 10층1001호 (인의동,루비온오피스텔)\n[집합건물 철근콘크리트구조 18.2㎡]"
658d2a7d8da8273ce357c6e9,서울중앙지방법원,서울중앙지방법원\n2023타경110016,"서울특별시 서초구 반포대로5길 65, 101동 4층403호 (서초동,아이파크빌)\n[집합건물 철근콘크리트 벽식조 179.28㎡]"
658d2a7d8da8273ce357c6ea,서울중앙지방법원,서울중앙지방법원\n2023타경110030,"서울특별시 관악구 남부순환로156길 40, 2층202호\n[집합건물 철근콘크리트조 54.65㎡]"
658d2a7f8da8273ce357c6eb,서울중앙지방법원,서울중앙지방법원\n2017타경4776,"서울특별시 중구 청계천로 318, 1층11호\n[집합건물 철근콘크리트조 19.83㎡ 2분의 1 한인성 지분 전부]"
658d2a7f8da8273ce357c6ec,서울중앙지방법원,서울중앙지방법원\n2021타경610,서울특별시 종로구 홍지동 129-14\n[토지 대 231㎡]
658d2a7f8da8273ce357c6ed,서울중앙지방법원,서울중앙지방법원\n2021타경610,서울특별시 종로구 자하문로41길 32\n[건물 블럭조 기와지붕 단층주택 33.80㎡ 블럭조 기와지붕 단층주택 6.96㎡ 블럭조 기와지붕 단층주택 1.56㎡]
658d2a7f8da8273ce357c6ee,서울중앙지방법원,서울중앙지방법원\n2021타경1699,"서울특별시 관악구 난곡로26길 115, 2층203호 (신림동, 대림아트빌)\n[집합건물 철근콘크리트구조 37.77㎡]"
658d2a7f8da8273ce357c6ef,서울중앙지방법원,서울중앙지방법원\n2021타경1712,"서울특별시 관악구 난곡로26길 115, 4층401호 (신림동,대림아트빌)\n[집합건물 철근콘크리트구조 28.92㎡]"
658d2a7f8da8273ce357c6f0,서울중앙지방법원,서울중앙지방법원\n2021타경2708\n2022타경109279\n(중복),서울특별시 중구 저동1가 103-7\n[토지 대 38.3㎡]
658d2a7f8da8273ce357c6f1,서울중앙지방법원,서울중앙지방법원\n2021타경2708\n2022타경109279\n(중복),서울특별시 중구 저동1가 103-8\n[토지 대 23.8㎡]
658d2a7f8da8273ce357c6f2,서울중앙지방법원,서울중앙지방법원\n2021타경2708\n2022타경109279\n(중복),서울특별시 중구 명동길 81\n[건물 목조와즙 2층영업소 1층 23.14㎡ 2층 23.14㎡ 지하실 23.14㎡]
658d2a7f8da8273ce357c6f3,서울중앙지방법원,서울중앙지방법원\n2021타경2807\n2021타경107832\n(중복),서울특별시 종로구 구기동 76-2\n[토지 전 5416㎡]
658d2a808da8273ce357c6f4,서울중앙지방법원,서울중앙지방법원\n2021타경3411,"서울특별시 중구 을지로45길 72, 3층85호 (신당동,디자이너크럽)\n[집합건물 철근콘크리트조 4.94㎡]"
658d2a808da8273ce357c6f5,서울중앙지방법원,서울중앙지방법원\n2021타경3718,"서울특별시 관악구 난곡로26마길 28, 1층204호 (신림동,라임카운티)\n[집합건물 철근콘크리트구조 29.16㎡]"
658d2a808da8273ce357c6f6,서울중앙지방법원,서울중앙지방법원\n2021타경105713,"서울특별시 동작구 상도로62가길 11, 4층403호 (상도동,보성팰리스17차)\n[집합건물 철근콘크리트구조 29.62㎡]"
658d2a808da8273ce357c6f7,서울중앙지방법원,서울중앙지방법원\n2021타경107535,"서울특별시 종로구 지봉로12가길 4, 5층501호 (숭인동,숭인빌라)\n[집합건물 철근콘크리트구조 29.72㎡]"
658d2a808da8273ce357c6f8,서울중앙지방법원,서울중앙지방법원\n2021타경109005,"서울특별시 서초구 사임당로 175, 1층103호 (서초동,갤럭시타워)\n[집합건물 철근콘크리트구조 48.66㎡]"
658d2a808da8273ce357c6f9,서울중앙지방법원,서울중앙지방법원\n2021타경109005,"서울특별시 서초구 사임당로 175, 1층105호 (서초동,갤럭시타워)\n[집합건물 철근콘크리트구조 47.95㎡]"
658d2a808da8273ce357c6fa,서울중앙지방법원,서울중앙지방법원\n2021타경109005,"서울특별시 서초구 사임당로 175, 1층106호 (서초동,갤럭시타워)\n[집합건물 철근콘크리트구조 34.49㎡]"
658d2a808da8273ce357c6fb,서울중앙지방법원,서울중앙지방법원\n2021타경109159,서울특별시 동작구 사당동 419-152 씨에스하우스 5층503호\n[집합건물 철근콘크리트구조 29.21㎡]
658d2a808da8273ce357c6fc,서울중앙지방법원,서울중앙지방법원\n2021타경109319,"서울특별시 동작구 성대로10길 62, 1층101호 (상도동,상도로지빌)\n[집합건물 철근콘크리트구조 29.25㎡]"
658d2a808da8273ce357c6fd,서울중앙지방법원,서울중앙지방법원\n2021타경110579,"서울특별시 관악구 쑥고개로2길 14, 2층201호 (신림동,리더스힐)\n[집합건물 철근콘크리트구조 29.99㎡]"
658d2a808da8273ce357c6fe,서울중앙지방법원,서울중앙지방법원\n2021타경110579,"서울특별시 관악구 쑥고개로2길 14, 4층401호 (신림동,리더스힐)\n[집합건물 철근콘크리트구조 29.99㎡]"
658d2a808da8273ce357c6ff,서울중앙지방법원,서울중앙지방법원\n2021타경110579,"서울특별시 관악구 쑥고개로2길 14, 4층402호 (신림동,리더스힐)\n[집합건물 철근콘크리트구조 29.97㎡]"
658d2a808da8273ce357c700,서울중앙지방법원,서울중앙지방법원\n2021타경110579,"서울특별시 관악구 쑥고개로2길 14, 6층601호 (신림동,리더스힐)\n[집합건물 철근콘크리트구조 29.99㎡]"
658d2a808da8273ce357c701,서울중앙지방법원,서울중앙지방법원\n2021타경111626,"서울특별시 관악구 봉천로23길 66, 3층301호\n[집합건물 철근콘크리트조 78.12㎡]"
658d2a808da8273ce357c702,서울중앙지방법원,서울중앙지방법원\n2022타경1252,서울특별시 관악구 신림동 254-238\n[토지 대 139㎡]
658d2a808da8273ce357c703,서울중앙지방법원,서울중앙지방법원\n2022타경1252,서울특별시 관악구 신림동 254-239\n[토지 대 139㎡]
658d2a808da8273ce357c704,서울중앙지방법원,서울중앙지방법원\n2022타경1252,서울특별시 관악구 대학12길 64\n[건물 철근콘크리트조및 연와조 스라브지붕 근린생활시설및주택 1층 135.54㎡ 2층 132.84㎡ 3층 132.84㎡ 4층 120.78㎡ 지층 83.75㎡]
658d2a808da8273ce357c705,서울중앙지방법원,서울중앙지방법원\n2022타경1962,"서울특별시 서초구 매헌로 16, 지1층리빙관지1지135호 (양재동,하이브랜드)\n[집합건물 철근콘크리트구조 192.21㎡]"
658d2a808da8273ce357c706,서울중앙지방법원,서울중앙지방법원\n2022타경1962,"서울특별시 서초구 매헌로 16, 지1층리빙관지1지136호 (양재동,하이브랜드)\n[집합건물 철근콘크리트구조 198.04㎡]"
658d2a808da8273ce357c707,서울중앙지방법원,서울중앙지방법원\n2022타경3814\n2021타경109715\n(중복),"서울특별시 서초구 서초중앙로29길 28, 303동 8층807호 (반포동,반포미도아파트)\n[집합건물 철근콩크리트조 84.96㎡ 갑구 4번 정유자 지분 20분의 10 전부]"
658d2a808da8273ce357c708,서울중앙지방법원,서울중앙지방법원\n2022타경4077,"서울특별시 서초구 잠원로3길 6, 101동 11층1105호 (잠원동,킴스빌리지)\n[집합건물 철근콘크리트조 23.70㎡]"
658d2a808da8273ce357c709,서울중앙지방법원,서울중앙지방법원\n2022타경101091,"서울특별시 동작구 국사봉10길 93, 4층403호 (상도동,동산휴그린타운)\n[집합건물 철근콘크리트구조 23.84㎡]"
658d2a808da8273ce357c70a,서울중앙지방법원,서울중앙지방법원\n2022타경101770,"서울특별시 중구 을지로45길 62, 지하2층702호 (신당동,누죤빌딩)\n[집합건물 철골철근콘크리트조 5.040㎡]"
658d2a808da8273ce357c70b,서울중앙지방법원,서울중앙지방법원\n2022타경102995,"서울특별시 동작구 국사봉8길 64-14, 5층502호 (상도동,미소가)\n[집합건물 철근콘크리트구조 24.36㎡]"
658d2a808da8273ce357c70c,서울중앙지방법원,서울중앙지방법원\n2022타경103028,"서울특별시 관악구 남현12길 38, 지층비02호 (남현동,우현빌리지)\n[집합건물 철근콘크리트구조 53.02㎡]"
658d2a808da8273ce357c70d,서울중앙지방법원,서울중앙지방법원\n2022타경103394\n2022타경110125\n(중복),"서울특별시 강남구 언주로30길 56, 디동 14층1408호 (도곡동,타워팰리스)\n[집합건물 철골철근콘크리트구조 143.11㎡]"
658d2a808da8273ce357c70e,서울중앙지방법원,서울중앙지방법원\n2022타경104427,"서울특별시 관악구 법원단지20길 9, 3층303호 (신림동,예그린)\n[집합건물 철근콘크리트구조 28.93㎡]"
658d2a808da8273ce357c70f,서울중앙지방법원,서울중앙지방법원\n2022타경104427,"서울특별시 관악구 법원단지22길 22, 에이동 5층502호 (신림동,우림아트빌)\n[집합건물 철근콘크리트구조 37.49㎡]"
658d2a808da8273ce357c710,서울중앙지방법원,서울중앙지방법원\n2022타경104427,"서울특별시 관악구 법원단지22길 22, 비동 3층302호 (신림동,우림아트빌)\n[집합건물 철근콘크리트구조 37.49㎡]"
658d2a808da8273ce357c711,서울중앙지방법원,서울중앙지방법원\n2022타경104427,"서울특별시 관악구 난곡로26길 115, 2층202호 (신림동,대림아트빌)\n[집합건물 철근콘크리트구조 38.35㎡]"
658d2a808da8273ce357c712,서울중앙지방법원,서울중앙지방법원\n2022타경105222,서울특별시 종로구 평창동 179-5 밀레니엄 4층402호\n[집합건물 철근콘크리트조 81.9㎡]
658d2a808da8273ce357c713,서울중앙지방법원,서울중앙지방법원\n2022타경105499,"서울특별시 동작구 양녕로22바길 7, 5층502호 (상도동,행복한동행)\n[집합건물 철근콘크리트구조 29.78㎡]"
658d2a818da8273ce357c714,서울중앙지방법원,서울중앙지방법원\n2022타경107044,"서울특별시 관악구 양녕로6가길 50, 4층403호\n[집합건물 철근콘크리트구조 18.59㎡ 대지권의표시 토지의표시 1. 서울시 관악구 봉천동 458-6 대 105㎡ 1. 서울시 관악구 봉천동 458-113 대 102㎡ 1. 서울시 관악구 봉천동 458-114 대 1175㎡ 대지권의종류 1,2,3 소유권대지권 대지권의비율 324분의 11.210]"
658d2a818da8273ce357c715,서울중앙지방법원,서울중앙지방법원\n2022타경107112,"서울특별시 관악구 난곡로57길 11, 비동 2층201호 (신림동,브라운캐슬)\n[집합건물 철근콘크리트구조 48.21㎡ 대지권의표시 토지의표시 1. 서울시 관악구신림동 1480-1 대 514.7㎡ 대지권의종류 1 소유권대지권 대지권의비율 514.70분의 30.014]"
658d2a818da8273ce357c716,서울중앙지방법원,서울중앙지방법원\n2022타경108337,"서울특별시 동작구 성대로6가길 149, 에이동 3층301호 (상도동,상도동아파트)\n[집합건물 철근콘크리트구조 81.10㎡]"
658d2a818da8273ce357c717,서울중앙지방법원,서울중앙지방법원\n2022타경109057,"서울특별시 관악구 관천로15길 43, 5층503호 (신림동,자이칸타빌)\n[집합건물 철근콘크리트 구조29.97㎡]"
658d2a818da8273ce357c718,서울중앙지방법원,서울중앙지방법원\n2022타경109057,"서울특별시 관악구 난곡로59길 31, 2층201호 (신림동,진주리츠빌)\n[집합건물 철근콘크리트구조 45.17㎡]"
658d2a818da8273ce357c719,서울중앙지방법원,서울중앙지방법원\n2022타경109057,"서울특별시 관악구 봉천로23다길 49-10, 1층102호 (봉천동,수팰리스에프티)\n[집합건물 철근콘크리트구조 29.85㎡]"
658d2a818da8273ce357c71a,서울중앙지방법원,서울중앙지방법원\n2022타경112121,"서울특별시 관악구 행운9길 29, 2층204호 (봉천동,리벤하임)\n[집합건물 철근콘크리트구조 27.16㎡]"
658d2a818da8273ce357c71b,서울중앙지방법원,서울중앙지방법원\n2022타경112701,"서울특별시 중구 다산로46길 17, 15층이스트1507호 (흥인동,청계천 두산위브더제니스)\n[집합건물 철근콘크리트구조 92.1357 ㎡]"
658d2a818da8273ce357c71c,서울중앙지방법원,서울중앙지방법원\n2022타경112879,"서울특별시 중구 중림로8길 16, 3층302호\n[집합건물 철근콘크리트구조 37.58㎡]"
658d2a818da8273ce357c71d,서울중앙지방법원,서울중앙지방법원\n2023타경379,"서울특별시 서초구 바우뫼로39길 88-17, 1층101호\n[집합건물 철근콘크리트구조 23.23㎡]"
658d2a818da8273ce357c71e,서울중앙지방법원,서울중앙지방법원\n2023타경379,"서울특별시 서초구 바우뫼로39길 88-17, 2층202호\n[집합건물 철근콘크리트구조 24.53㎡]"
658d2a818da8273ce357c71f,서울중앙지방법원,서울중앙지방법원\n2023타경379,"서울특별시 서초구 바우뫼로39길 88-17, 2층203호\n[집합건물 철근콘크리트구조 23.85㎡]"
658d2a818da8273ce357c720,서울중앙지방법원,서울중앙지방법원\n2023타경379,"서울특별시 서초구 바우뫼로39길 88-17, 2층204호\n[집합건물 철근콘크리트구조 24.85㎡]"
658d2a818da8273ce357c721,서울중앙지방법원,서울중앙지방법원\n2023타경379,"서울특별시 서초구 바우뫼로39길 88-17, 3층301호\n[집합건물 철근콘크리트구조 24.61㎡]"
658d2a818da8273ce357c722,서울중앙지방법원,서울중앙지방법원\n2023타경379,"서울특별시 서초구 바우뫼로39길 88-17, 3층302호\n[집합건물 철근콘크리트구조 24.53㎡]"
658d2a818da8273ce357c723,서울중앙지방법원,서울중앙지방법원\n2023타경379,"서울특별시 서초구 바우뫼로39길 88-17, 3층303호\n[집합건물 철근콘크리트구조 24.40㎡]"
658d2a818da8273ce357c724,서울중앙지방법원,서울중앙지방법원\n2023타경379,"서울특별시 서초구 바우뫼로39길 88-17, 3층304호\n[집합건물 철근콘크리트구조 24.60㎡]"
658d2a818da8273ce357c725,서울중앙지방법원,서울중앙지방법원\n2023타경379,"서울특별시 서초구 바우뫼로39길 88-17, 4층401호\n[집합건물 철근콘크리트구조 30.96㎡]"
658d2a818da8273ce357c726,서울중앙지방법원,서울중앙지방법원\n2023타경379,"서울특별시 서초구 바우뫼로39길 88-17, 4층402호\n[집합건물 철근콘크리트구조 31.00㎡]"
658d2a818da8273ce357c727,서울중앙지방법원,서울중앙지방법원\n2023타경515,"서울특별시 중구 퇴계로 72, 1층110호 (회현동1가,리더스뷰남산)\n[집합건물 철근콘크리트구조 46.06㎡]"
658d2a818da8273ce357c728,서울중앙지방법원,서울중앙지방법원\n2023타경744\n2022타경111906\n(중복),"서울특별시 서초구 반포대로 58, 판매시설및운동시설동 222호 (서초동,서초아트자이)\n[집합건물 철근콘크리트구조 46.247㎡]"
658d2a818da8273ce357c729,서울중앙지방법원,서울중앙지방법원\n2023타경744\n2022타경111906\n(중복),"서울특별시 서초구 반포대로 58, 판매시설및운동시설동 223호 (서초동,서초아트자이)\n[집합건물 철근콘크리트구조 32.328㎡]"
658d2a818da8273ce357c72a,서울중앙지방법원,서울중앙지방법원\n2023타경744\n2022타경111906\n(중복),"서울특별시 서초구 반포대로 58, 판매시설및운동시설동 224호 (서초동,서초아트자이)\n[집합건물 철근콘크리트구조 32.328㎡]"
658d2a818da8273ce357c72b,서울중앙지방법원,서울중앙지방법원\n2023타경744\n2022타경111906\n(중복),"서울특별시 서초구 반포대로 58, 판매시설및운동시설동 225호 (서초동,서초아트자이)\n[집합건물 철근콘크리트구조 35.022㎡]"
658d2a818da8273ce357c72c,서울중앙지방법원,서울중앙지방법원\n2023타경744\n2022타경111906\n(중복),"서울특별시 서초구 반포대로 58, 판매시설및운동시설동 226호 (서초동,서초아트자이)\n[집합건물 철근콘크리트구조 35.022㎡]"
658d2a818da8273ce357c72d,서울중앙지방법원,서울중앙지방법원\n2023타경744\n2022타경111906\n(중복),"서울특별시 서초구 반포대로 58, 판매시설및운동시설동 227호 (서초동,서초아트자이)\n[집합건물 철근콘크리트구조 29.9071㎡]"
658d2a818da8273ce357c72e,서울중앙지방법원,서울중앙지방법원\n2023타경744\n2022타경111906\n(중복),"서울특별시 서초구 반포대로 58, 판매시설및운동시설동 228호 (서초동,서초아트자이)\n[집합건물 철근콘크리트구조 30.1481㎡]"
658d2a818da8273ce357c72f,서울중앙지방법원,서울중앙지방법원\n2023타경744\n2022타경111906\n(중복),"서울특별시 서초구 반포대로 58, 판매시설및운동시설동 229호 (서초동,서초아트자이)\n[집합건물 철근콘크리트구조 30.14㎡]"
658d2a818da8273ce357c730,서울중앙지방법원,서울중앙지방법원\n2023타경744\n2022타경111906\n(중복),"서울특별시 서초구 반포대로 58, 판매시설및운동시설동 231호 (서초동,서초아트자이)\n[집합건물 철근콘크리트구조 47.4286㎡]"
658d2a818da8273ce357c731,서울중앙지방법원,서울중앙지방법원\n2023타경768,"서울특별시 중구 장충단로 247, 7층에프7309호 (을지로6가,굿모닝시티쇼핑몰)\n[집합건물 철골철근콘크리트구조 3.50㎡]"
658d2a818da8273ce357c732,서울중앙지방법원,서울중앙지방법원\n2023타경768,"서울특별시 중구 장충단로 247, 7층에프7310호 (을지로6가,굿모닝시티쇼핑몰)\n[집합건물 철골철근콘크리트구조 3.50㎡]"
658d2a818da8273ce357c733,서울중앙지방법원,서울중앙지방법원\n2023타경805,"서울특별시 중구 을지로 264, 5층5027호 (을지로6가,동대문패션티브이)\n[집합건물 철골철근콘크리트구조 3.97㎡]"
658d2a818da8273ce357c734,서울중앙지방법원,서울중앙지방법원\n2023타경805,"서울특별시 중구 을지로 264, 5층5028호 (을지로6가,동대문패션티브이)\n[집합건물 철골철근콘크리트구조 3.97㎡]"
658d2a818da8273ce357c735,서울중앙지방법원,서울중앙지방법원\n2023타경867,"서울특별시 중구 을지로 264, 4층4032호 (을지로6가,동대문패션티브이)\n[집합건물 철골철근콘크리트구조 3.97㎡]"
658d2a818da8273ce357c736,서울중앙지방법원,서울중앙지방법원\n2023타경881,"서울특별시 서초구 매헌로 16, 6층리빙관6층645호 (양재동,하이브랜드)\n[집합건물 철근콘크리트구조 12.80㎡]"
658d2a818da8273ce357c737,서울중앙지방법원,서울중앙지방법원\n2023타경881,"서울특별시 서초구 매헌로 16, 6층리빙관6층646호 (양재동,하이브랜드)\n[집합건물 철근콘크리트구조 11.61㎡]"
658d2a818da8273ce357c738,서울중앙지방법원,서울중앙지방법원\n2023타경966,"서울특별시 중구 을지로 264, 3층3028호 (을지로6가,동대문패션티브이)\n[집합건물 철골철근콘크리트구조 3.97㎡]"
658d2a818da8273ce357c739,서울중앙지방법원,서울중앙지방법원\n2023타경1020,"서울특별시 중구 퇴계로 123, 3층3063호 (충무로2가,하이해리엇)\n[집합건물 철골철근콘크리트구조 3.83㎡]"
658d2a818da8273ce357c73a,서울중앙지방법원,서울중앙지방법원\n2023타경1082,"서울특별시 중구 퇴계로 123, 6층6101호 (충무로2가,하이해리엇)\n[집합건물 철골철근콘크리트구조 5.02㎡]"
658d2a828da8273ce357c73b,서울중앙지방법원,서울중앙지방법원\n2023타경1228,"서울특별시 중구 퇴계로 123, 2층2088호 (충무로2가,하이해리엇)\n[집합건물 철골철근콘크리트구조 3.48㎡]"
658d2a828da8273ce357c73c,서울중앙지방법원,서울중앙지방법원\n2023타경1518,"서울특별시 중구 을지로 264, 5층5084호 (을지로6가,동대문패션티브이)\n[집합건물 철골철근콘크리트구조 3.97㎡]"
658d2a828da8273ce357c73d,서울중앙지방법원,서울중앙지방법원\n2023타경1518,"서울특별시 중구 을지로 264, 6층6112호 (을지로6가,동대문패션티브이)\n[집합건물 철골철근콘크리트구조 3.97㎡]"
658d2a828da8273ce357c73e,서울중앙지방법원,서울중앙지방법원\n2023타경1532,"서울특별시 중구 을지로 264, 6층6135호 (을지로6가,동대문패션티브이)\n[집합건물 철골철근콘크리트구조 3.97㎡]"
658d2a828da8273ce357c73f,서울중앙지방법원,서울중앙지방법원\n2023타경1594,서울특별시 관악구 봉천동 905-19\n[토지 대 180.2㎡]
658d2a828da8273ce357c740,서울중앙지방법원,서울중앙지방법원\n2023타경1594,서울특별시 관악구 은천로10길 31\n[건물 철근콘크리트구조 (철근)콘크리트지붕 3층 단독주택 및 제2종근린생활시설 지1 101.36㎡ 1층 83.51㎡ 2층 83.51㎡ 3층 83.51㎡ 옥탑1층 42.67㎡ (연면적제외)]
658d2a828da8273ce357c741,서울중앙지방법원,서울중앙지방법원\n2023타경1617,"서울특별시 중구 충무로 13, 2층207호 (충무로3가,엘크루메트로시티)\n[집합건물 철근콘크리트구조 16.50㎡]"
658d2a828da8273ce357c742,서울중앙지방법원,서울중앙지방법원\n2023타경1617,"서울특별시 중구 충무로 13, 2층208호 (충무로3가,엘크루메트로시티)\n[집합건물 철근콘크리트구조 16.50㎡]"
658d2a828da8273ce357c743,서울중앙지방법원,서울중앙지방법원\n2023타경1655,"서울특별시 중구 을지로 264, 6층6131호 (을지로6가,동대문패션티브이)\n[집합건물 철골철근콘크리트구조 3.97㎡]"
658d2a828da8273ce357c744,서울중앙지방법원,서울중앙지방법원\n2023타경1679,"서울특별시 중구 을지로 264, 3층3206호 (을지로6가,동대문패션티브이)\n[집합건물 철골철근콘크리트구조 3.97㎡]"
658d2a828da8273ce357c745,서울중앙지방법원,서울중앙지방법원\n2023타경1723,서울특별시 중구 신당동 333-130\n[토지 대 383㎡]
658d2a828da8273ce357c746,서울중앙지방법원,서울중앙지방법원\n2023타경1723,서울특별시 중구 다산로22길 45\n[건물 목조 스레트즙 단층주택 108.69㎡ 지층 1.65㎡ 목조 아연즙 단층 물치 3.31㎡]
658d2a828da8273ce357c747,서울중앙지방법원,서울중앙지방법원\n2023타경1730,"서울특별시 서초구 사임당로 130, 7동 13층1314호 (서초동,신동아아파트)\n[집합건물 철근콩크리트조 75.86㎡]"
658d2a828da8273ce357c748,서울중앙지방법원,서울중앙지방법원\n2023타경2597,"서울특별시 강남구 선릉로 221, 102동 16층1602호 (도곡동,도곡렉슬아파트)\n[집합건물 철근콘크리트구조 59.9772㎡]"
658d2a828da8273ce357c749,서울중앙지방법원,서울중앙지방법원\n2023타경2702,"서울특별시 서초구 신반포로23길 78-10, 6층602호 (잠원동,신반포중앙하이츠)\n[집합건물 철근콘크리트구조 53.31㎡]"
658d2a828da8273ce357c74a,서울중앙지방법원,서울중앙지방법원\n2023타경2757,서울특별시 종로구 숭인동 56-177\n[토지 대 70.7㎡ 갑구 9번 조동선 지분 15분의 1 전부]
658d2a828da8273ce357c74b,서울중앙지방법원,서울중앙지방법원\n2023타경2788,서울특별시 중구 충무로1가 23-19\n[토지 대 104.8㎡]
658d2a828da8273ce357c74c,서울중앙지방법원,서울중앙지방법원\n2023타경2788,서울특별시 중구 명동8길 46\n[건물 1호 목조 세멘부록조 및 함석지붕 4층 점포 1층 84.32㎡ 2층 84.32㎡ 3층 84.32㎡ 4층 36.06㎡]
658d2a828da8273ce357c74d,서울중앙지방법원,서울중앙지방법원\n2023타경2931,"서울특별시 관악구 남부순환로260길 65, 4층401호\n[집합건물 철근콘크리트구조 48.88]"
658d2a828da8273ce357c74e,서울중앙지방법원,서울중앙지방법원\n2023타경3095,"서울특별시 종로구 평창문화로 81-8, 3동 101호 (평창동,현대빌라)\n[집합건물 철근콩크리트조 층 146.59㎡ 지하 23.70㎡ 부속 차고 13.48㎡]"
658d2a828da8273ce357c74f,서울중앙지방법원,서울중앙지방법원\n2023타경3453,"서울특별시 종로구 평창11길 19-3, 2층 502호 (평창동,요진빌라)\n[집합건물 알.씨조 227.785㎡]"
658d2a828da8273ce357c750,서울중앙지방법원,서울중앙지방법원\n2023타경3507,"서울특별시 강남구 언주로 122, 2층207호 (도곡동,우성캐릭터-빌)\n[집합건물 철골.철근콘크리트조 51.55㎡]"
658d2a828da8273ce357c751,서울중앙지방법원,서울중앙지방법원\n2023타경3552,서울특별시 강남구 신사동 637-10\n[토지 대 382.5㎡ 갑구 1번 이훈숙 지분 2분의 1 전부]
658d2a828da8273ce357c752,서울중앙지방법원,서울중앙지방법원\n2023타경3552,서울특별시 강남구 언주로174길 16\n[건물 철근콘크리트조 슬라브지붕 5층 근린생활시설 1층 187.7 ㎡ 2층 189.81㎡ 3층 189.81㎡ 4층 195.42㎡ 5층 60.28㎡ 지하1층 250.8㎡ 갑구 1번 이훈숙 지분 2분의 1 전부]
658d2a828da8273ce357c753,서울중앙지방법원,서울중앙지방법원\n2023타경3637,서울특별시 종로구 익선동 21\n[토지 대 72.7㎡]
658d2a828da8273ce357c754,서울중앙지방법원,서울중앙지방법원\n2023타경3637,"서울특별시 종로구 돈화문로11나길 66\n[건물 철근콘크리트 평슬래브지붕 3층 위험물저장및처리시설, 주택 1층 31.16㎡ 2층 33.08㎡ 3층 38.23㎡ (내역:1층 위험물저장및처리시설, 2,3층 주택)]"
658d2a838da8273ce357c755,서울중앙지방법원,서울중앙지방법원\n2023타경100262,"서울특별시 관악구 난곡로30길 12, 3층304호 (신림동,예성휴캐슬)\n[집합건물 철근콘크리트구조 36.62㎡]"
658d2a838da8273ce357c756,서울중앙지방법원,서울중앙지방법원\n2023타경100866,"서울특별시 관악구 은천로35다길 26-4, 4층401호 (봉천동,더빌)\n[집합건물 철근콘크리트구조 53.47㎡]"
658d2a838da8273ce357c757,서울중앙지방법원,서울중앙지방법원\n2023타경100866,"서울특별시 동작구 국사봉10길 38-3, 4층402호 (상도동,미소빌)\n[집합건물 철근콘크리트구조 39.21㎡]"
658d2a838da8273ce357c758,서울중앙지방법원,서울중앙지방법원\n2023타경101388,"서울특별시 관악구 난곡로47길 10, 5층502호\n[집합건물 철근콘크리트구조 37.83㎡]"
658d2a838da8273ce357c759,서울중앙지방법원,서울중앙지방법원\n2023타경101852,"서울특별시 관악구 쑥고개로2가길 15, 3층303호 (신림동,뷰테라스)\n[집합건물 철근콘크리트구조 29.52㎡]"
658d2a838da8273ce357c75a,서울중앙지방법원,서울중앙지방법원\n2023타경101920,"서울특별시 동작구 여의대방로26길 50, 4층403호 (대방동,성진리치빌)\n[집합건물 철근콘크리트구조 35.22㎡]"
658d2a838da8273ce357c75b,서울중앙지방법원,서울중앙지방법원\n2023타경102107,"서울특별시 관악구 난곡로49길 20, 101동 2층203호 (신림동,골든네스트)\n[집합건물 철근콘크리트구조 28.49㎡]"
658d2a838da8273ce357c75c,서울중앙지방법원,서울중앙지방법원\n2023타경102121,서울특별시 중구 신당동 133-20\n[토지 대 81.8㎡]
658d2a838da8273ce357c75d,서울중앙지방법원,서울중앙지방법원\n2023타경102534,서울특별시 서초구 원지동 150-2\n[토지 전 3600㎡ 갑구 13번 현두선 지분 6분의 1 전부]
658d2a838da8273ce357c75e,서울중앙지방법원,서울중앙지방법원\n2023타경103377\n2023타경105960\n(중복),"서울특별시 강남구 삼성로 150, 109동 2층203호 (삼성동,한보미도맨션)\n[집합건물 철근콘크리트조 174.67㎡]"
658d2a838da8273ce357c75f,서울중앙지방법원,서울중앙지방법원\n2023타경103773,서울특별시 종로구 부암동 382-69\n[토지 대 73㎡]
658d2a838da8273ce357c760,서울중앙지방법원,서울중앙지방법원\n2023타경103773,서울특별시 종로구 부암동 382-68\n[건물 블럭조기와지붕단층주택 28.85㎡]
658d2a838da8273ce357c761,서울중앙지방법원,서울중앙지방법원\n2023타경103964,"서울특별시 강남구 삼성로4길 17, 506동 1층101호\n[집합건물 철근콩크리트조 53.98㎡]"
658d2a838da8273ce357c762,서울중앙지방법원,서울중앙지방법원\n2023타경103964,서울특별시 강남구 개포동 187\n[토지 대 55858㎡ 갑구 1번 장한수 지분 55858분의 45.06 전부]
658d2a838da8273ce357c763,서울중앙지방법원,서울중앙지방법원\n2023타경104677,서울특별시 관악구 봉천동 178-158\n[토지 도로 40㎡ 갑구 2번 정성환 지분 3분의 1 전부]
658d2a838da8273ce357c764,서울중앙지방법원,서울중앙지방법원\n2023타경105007,서울특별시 강남구 도곡동 518-1\n[토지 대 495.9㎡]
658d2a838da8273ce357c765,서울중앙지방법원,서울중앙지방법원\n2023타경105007,서울특별시 강남구 논현로30길 14\n[건물 철골조 평슬라브 4층 근린생활시설 1층 270.30㎡ 2층 288.76㎡ 3층 288.76㎡ 4층 288.76㎡]
658d2a838da8273ce357c766,서울중앙지방법원,서울중앙지방법원\n2023타경105212,"서울특별시 동작구 성대로12가길 72, 5층501호 (상도동,강호빌리지)\n[집합건물 철근콘크리트구조 29.74㎡]"
658d2a838da8273ce357c767,서울중앙지방법원,서울중앙지방법원\n2023타경105670,서울특별시 동작구 사당동 1026-50\n[토지 대 200.3㎡]
658d2a838da8273ce357c768,서울중앙지방법원,서울중앙지방법원\n2023타경105717,"서울특별시 관악구 청룡4길 32, 8층802호 (봉천동,청룡오피스텔)\n[집합건물 철근콘크리트구조 14.26㎡]"
658d2a838da8273ce357c769,서울중앙지방법원,서울중앙지방법원\n2023타경105755,"서울특별시 관악구 신림로44가길 51, 2층201호 (신림동,삼성아트빌)\n[집합건물 철근콘크리구조 48.01㎡]"
658d2a838da8273ce357c76a,서울중앙지방법원,서울중앙지방법원\n2023타경105793,"서울특별시 종로구 종로63마길 4, 지하1층201호 (숭인동,로하스빌12차)\n[집합건물 철근콘크리트구조 22.01㎡]"
658d2a838da8273ce357c76b,서울중앙지방법원,서울중앙지방법원\n2023타경105878,서울특별시 중구 장충동2가 192-21\n[토지 대 23.1㎡ 경매할 지분 3분의 1 오산 지분 전부]
658d2a838da8273ce357c76c,서울중앙지방법원,서울중앙지방법원\n2023타경106017,"서울특별시 관악구 은천로 93, 205동 16층1602호 (봉천동,벽산블루밍)\n[집합건물 철근콘크리트조 114.97㎡]"
658d2a838da8273ce357c76d,서울중앙지방법원,서울중앙지방법원\n2023타경106192,"서울특별시 동작구 국사봉10길 93, 5층502호 (상도동,동산휴그린타운)\n[집합건물 철근콘크리트구조 17.06㎡]"
658d2a838da8273ce357c76e,서울중앙지방법원,서울중앙지방법원\n2023타경106413\n2023타경3217\n(중복),서울특별시 동작구 사당동 1032-3\n[토지 대 131㎡]
658d2a838da8273ce357c76f,서울중앙지방법원,서울중앙지방법원\n2023타경106413\n2023타경3217\n(중복),서울특별시 동작구 사당동 1032-6\n[토지 대 190.1㎡]
658d2a838da8273ce357c770,서울중앙지방법원,서울중앙지방법원\n2023타경106567,서울특별시 종로구 동숭동 201-28\n[토지 대 162㎡ 갑구 3번 최재은 지분 7분의 1 전부]
658d2a838da8273ce357c771,서울중앙지방법원,서울중앙지방법원\n2023타경106567,서울특별시 종로구 낙산3길 38\n[건물 벽돌조 평슬래브지붕 2층 주택 1층 69.81㎡ 2층 69.81㎡ 지층 69.81㎡ 내역 지층 대피실 보일러실임 갑구 1번 최재은 지분 7분의 1 전부]
658d2a838da8273ce357c772,서울중앙지방법원,서울중앙지방법원\n2023타경106581,"서울특별시 관악구 행운5길 29, 5층502호 (봉천동,비쥬타운에이)\n[집합건물 철근콘크리트구조 26.25㎡]"
658d2a838da8273ce357c773,서울중앙지방법원,서울중앙지방법원\n2023타경106765,"서울특별시 관악구 난곡로24라길 21, 101동 4층401호 (신림동,씨지아름채)\n[집합건물 철근콘크리트구조 28.51㎡]"
658d2a838da8273ce357c774,서울중앙지방법원,서울중앙지방법원\n2023타경106796,"서울특별시 관악구 은천로35다길 26-4, 2층202호 (봉천동,더빌)\n[집합건물 철근콘크리구조 29.98㎡]"
658d2a838da8273ce357c775,서울중앙지방법원,서울중앙지방법원\n2023타경106871,"서울특별시 강남구 광평로19길 15, 108동 11층1106호 (일원동,목련타운)\n[집합건물 철근콘크리트조 134.71㎡]"
658d2a838da8273ce357c776,서울중앙지방법원,서울중앙지방법원\n2023타경106888,사용본거지 : 서울특별시 서초구 내곡동 1-593\n[K7 2012년식 승용차]
658d2a848da8273ce357c777,서울중앙지방법원,서울중앙지방법원\n2023타경106932,사용본거지 : 서울특별시 서초구 신흥말길 130-4\n[K5 하이브리드 2012년식 승용차]
658d2a848da8273ce357c778,서울중앙지방법원,서울중앙지방법원\n2023타경107072,"서울특별시 관악구 양지길 52-1, 105동 15층1502호 (신림동,관악우정하이비젼아파트2단지)\n[집합건물 철근콘크리트구조 84.58㎡]"
658d2a848da8273ce357c779,서울중앙지방법원,서울중앙지방법원\n2023타경107195,"서울특별시 관악구 신림로66길 42, 10층1004호 (신림동,신림큐브)\n[집합건물 철근콘크리트구조 13.41㎡]"
658d2a848da8273ce357c77a,서울중앙지방법원,서울중앙지방법원\n2023타경107386,"서울특별시 강남구 삼성로 436, 5층501호 (대치동,바실리체)\n[집합건물 철근콘크리트구조 44.58㎡]"
658d2a848da8273ce357c77b,서울중앙지방법원,서울중앙지방법원\n2023타경107515,서울특별시 강남구 청담동 13-12\n[토지 대 315.5㎡]
658d2a848da8273ce357c77c,서울중앙지방법원,서울중앙지방법원\n2023타경107515,서울특별시 강남구 도산대로70길 23\n[건물 철근콘크리트구조 철근콘크리트지붕 4층 근린생활시설 지하1층 215.28㎡ 1층 172.56㎡ 2층 171.78㎡ 3층 165.48㎡ 4층 130.66㎡]
658d2a848da8273ce357c77d,서울중앙지방법원,서울중앙지방법원\n2023타경107683\n2023타경111378\n(중복),서울특별시 관악구 봉천동 644-19\n[토지 대 175㎡]
658d2a848da8273ce357c77e,서울중앙지방법원,서울중앙지방법원\n2023타경107683\n2023타경111378\n(중복),서울특별시 관악구 봉천로23다길 56\n[건물 철근콘크리트구조 (철근)콘크리트지붕 3층 단독주택 지1 91.85㎡ 1층 75.72㎡ 2층 81.51㎡ 3층 80.74㎡ 옥탑1층 10.08㎡(연면적제외)]
658d2a848da8273ce357c77f,서울중앙지방법원,서울중앙지방법원\n2023타경107690,"서울특별시 관악구 관천로11길 95, 2층202호 (신림동,엠엘쉐르빌)\n[집합건물 철근콘크리트구조 38.42㎡]"
658d2a848da8273ce357c780,서울중앙지방법원,서울중앙지방법원\n2023타경107713,"서울특별시 중구 청계천로 400, 101동 32층3210호 (황학동,롯데캐슬 베네치아)\n[집합건물 일반철골구조 84.97㎡]"
658d2a848da8273ce357c781,서울중앙지방법원,서울중앙지방법원\n2023타경107720,서울특별시 중구 신당동 432-1234\n[토지 대 102㎡ 갑구 8번 박상현 7분의2 지분 전부]
658d2a848da8273ce357c782,서울중앙지방법원,서울중앙지방법원\n2023타경107720,서울특별시 중구 동호로11길 108-7\n[건물 연와조 슬래브지붕2층주택 1층 39.11㎡ 2층 39.11㎡ 갑구6번 박상현 7분의2 지분 전부]
658d2a848da8273ce357c783,서울중앙지방법원,서울중앙지방법원\n2023타경107812,서울특별시 종로구 평창동 416-17\n[토지 대 466㎡ 갑구 2번 최상미 지분 2분의 1 전부]
658d2a848da8273ce357c784,서울중앙지방법원,서울중앙지방법원\n2023타경107812,"서울특별시 종로구 평창42길 35\n[건물 철근콘크리트조 평경사슬래브지붕 2층 단독주택 및 근린생활시설 1층 138.43㎡ 2층 118.78㎡ 지층 113.40㎡ 용도내역:1,2층 주택 지층-주택 52.36㎡, 근린생활시설(사무소)61.04㎡ 갑구 1번 최상미 지분 2분의 1 전부]"
658d2a848da8273ce357c785,서울중앙지방법원,서울중앙지방법원\n2023타경107911\n2023타경107966\n(중복),"서울특별시 서초구 동산로19길 20, 4층402호 (양재동,꾸메빌)\n[집합건물 철근콘크리트구조 41.96㎡]"
658d2a848da8273ce357c786,서울중앙지방법원,서울중앙지방법원\n2023타경108075,"서울특별시 강남구 학동로68길 29, 115동 16층1602호 (삼성동,삼성동 힐스테이트1 단지)\n[집합건물 철근콘크리트구조 84.236㎡]"
658d2a848da8273ce357c787,서울중앙지방법원,서울중앙지방법원\n2023타경108204,"서울특별시 관악구 난곡로63길 26, 9층902호 (신림동,삼성 아파트)\n[집합건물 철근콘크리트구조 69.29㎡ 갑구 1번 채움산업개발 주식회사 지분 294분의 16.33 전부]"
658d2a848da8273ce357c788,서울중앙지방법원,서울중앙지방법원\n2023타경108280,서울특별시 강남구 역삼동 779-1\n[토지 대 313.6㎡]
658d2a848da8273ce357c789,서울중앙지방법원,서울중앙지방법원\n2023타경108280,"서울특별시 강남구 도곡로37길 38 (역삼동,스타빌딩1)\n[건물 철근콘크리트구조 평스라브지붕 6층 제2종근린생활시설,단독주택 지1층 129.01㎡ 1층 139.47㎡ 2층 150㎡ 3층 150㎡ 4층 150㎡ 5층 93.34㎡ 6층 69.43㎡ 옥탑2층 13.42㎡(연면적 제외) 옥탑1층 13.42㎡(연면적 제외)]"
658d2a848da8273ce357c78a,서울중앙지방법원,서울중앙지방법원\n2023타경108334,사용본거지 : 서울특별시 서초구 신흥말길 130-4\n[BMW X5 xDrive30d 2015년식 승용차]
658d2a848da8273ce357c78b,서울중앙지방법원,서울중앙지방법원\n2023타경108358,"서울특별시 서초구 반포대로 275, 124동 26층2601호 (반포동,래미안퍼스티지)\n[집합건물 철근콘크리트구조 222.15㎡]"
658d2a848da8273ce357c78c,서울중앙지방법원,서울중앙지방법원\n2023타경108440,"서울특별시 동작구 사당로17길 111, 1동 9층906호 (사당동,현대아파트)\n[집합건물 철근콘크리트조 120.03㎡]"
658d2a848da8273ce357c78d,서울중앙지방법원,서울중앙지방법원\n2023타경108495,"서울특별시 동작구 양녕로22다길 27, 4층402호\n[집합건물 철근콘크리트조 44.92㎡]"
658d2a848da8273ce357c78e,서울중앙지방법원,서울중앙지방법원\n2023타경108570,"서울특별시 종로구 평창문화로 142, 1층103호 (평창동,엘리시아)\n[집합건물 철근콘크리트구조 213.07㎡]"
658d2a848da8273ce357c78f,서울중앙지방법원,서울중앙지방법원\n2023타경108655,"서울특별시 동작구 국사봉10길 62-4, 2층203호\n[집합건물 철근콘크리트구조 29.85㎡]"
658d2a848da8273ce357c790,서울중앙지방법원,서울중앙지방법원\n2023타경108938\n2023타경108709\n(중복),"서울특별시 서초구 남부순환로 2183, 102동 15층1503호 (방배동,방배래미안타워)\n[집합건물 철근콘크리트구조 134.96㎡]"
658d2a848da8273ce357c791,서울중앙지방법원,서울중앙지방법원\n2023타경109085,"서울특별시 서초구 서초대로 13, 1동 11층1103호 (방배동,방배마에스트로)\n[집합건물 철골철근콘크리트구조 공동주택(아파트) 35.3700㎡]"
658d2a848da8273ce357c792,서울중앙지방법원,서울중앙지방법원\n2023타경109092,"서울특별시 강남구 영동대로142길 25, 15층1501호 (청담동,청담아이파크)\n[집합건물 철근 콘크리트조 110.14㎡]"
658d2a848da8273ce357c793,서울중앙지방법원,서울중앙지방법원\n2023타경109139,"서울특별시 관악구 조원로23길 5, 지하층비02호\n[집합건물 알.씨조 59.28㎡]"
658d2a848da8273ce357c794,서울중앙지방법원,서울중앙지방법원\n2023타경109245,"서울특별시 강남구 선릉로69길 19, 112동 11층1102호 (역삼동,역삼래미안)\n[집합건물 철근콘크리트조 59.53㎡]"
658d2a848da8273ce357c795,서울중앙지방법원,서울중앙지방법원\n2023타경109344,"서울특별시 동작구 남부순환로265길 13, 6층601호 (사당동,기쁨채)\n[집합건물 철근콘크리트구조 57.43㎡]"
658d2a848da8273ce357c796,서울중앙지방법원,서울중앙지방법원\n2023타경109351,서울특별시 동작구 사당동 419-152 씨에스하우스 3층305호\n[집합건물 철근콘크리트구조 17.09㎡]
658d2a848da8273ce357c797,서울중앙지방법원,서울중앙지방법원\n2023타경109368,"서울특별시 관악구 국회단지길 64, 3층302호 (봉천동,나무그늘빌)\n[집합건물 철근콘크리트구조 29.97㎡]"
658d2a858da8273ce357c798,서울중앙지방법원,서울중앙지방법원\n2023타경109597,"서울특별시 관악구 은천로35라길 25, 2층203호 (봉천동,프라임21)\n[집합건물 철근콘크리트구조 32.46㎡]"
658d2a858da8273ce357c799,서울중앙지방법원,서울중앙지방법원\n2023타경109627,"서울특별시 서초구 반포대로23길 64-7, 비동 1층102호 (서초동,삼성홈스테이)\n[집합건물 철근콘크리트구조 29.96㎡]"
658d2a858da8273ce357c79a,서울중앙지방법원,서울중앙지방법원\n2023타경109696,서울특별시 동작구 사당동 419-152 씨에스하우스 4층405호\n[집합건물 철근콘크리트구조 17.09㎡]
658d2a858da8273ce357c79b,서울중앙지방법원,서울중앙지방법원\n2023타경109931,"서울특별시 관악구 낙성대역10길 21, 1층102호 (봉천동,대호리치빌)\n[집합건물 철근콘크리트조 68.74㎡]"
658d2a858da8273ce357c79c,서울중앙지방법원,서울중앙지방법원\n2023타경109979,"서울특별시 종로구 종로31길 43, 10층1001호 (인의동,루비온오피스텔)\n[집합건물 철근콘크리트구조 18.2㎡]"
658d2a858da8273ce357c79d,서울중앙지방법원,서울중앙지방법원\n2023타경110016,"서울특별시 서초구 반포대로5길 65, 101동 4층403호 (서초동,아이파크빌)\n[집합건물 철근콘크리트 벽식조 179.28㎡]"
658d2a858da8273ce357c79e,서울중앙지방법원,서울중앙지방법원\n2023타경110030,"서울특별시 관악구 남부순환로156길 40, 2층202호\n[집합건물 철근콘크리트조 54.65㎡]"
658d2a878da8273ce357c79f,서울중앙지방법원,서울중앙지방법원\n2017타경4776,"서울특별시 중구 청계천로 318, 1층11호\n[집합건물 철근콘크리트조 19.83㎡ 2분의 1 한인성 지분 전부]"
658d2a878da8273ce357c7a0,서울중앙지방법원,서울중앙지방법원\n2021타경610,서울특별시 종로구 홍지동 129-14\n[토지 대 231㎡]
658d2a878da8273ce357c7a1,서울중앙지방법원,서울중앙지방법원\n2021타경610,서울특별시 종로구 자하문로41길 32\n[건물 블럭조 기와지붕 단층주택 33.80㎡ 블럭조 기와지붕 단층주택 6.96㎡ 블럭조 기와지붕 단층주택 1.56㎡]
658d2a878da8273ce357c7a2,서울중앙지방법원,서울중앙지방법원\n2021타경1699,"서울특별시 관악구 난곡로26길 115, 2층203호 (신림동, 대림아트빌)\n[집합건물 철근콘크리트구조 37.77㎡]"
658d2a878da8273ce357c7a3,서울중앙지방법원,서울중앙지방법원\n2021타경1712,"서울특별시 관악구 난곡로26길 115, 4층401호 (신림동,대림아트빌)\n[집합건물 철근콘크리트구조 28.92㎡]"
658d2a878da8273ce357c7a4,서울중앙지방법원,서울중앙지방법원\n2021타경2708\n2022타경109279\n(중복),서울특별시 중구 저동1가 103-7\n[토지 대 38.3㎡]
658d2a878da8273ce357c7a5,서울중앙지방법원,서울중앙지방법원\n2021타경2708\n2022타경109279\n(중복),서울특별시 중구 저동1가 103-8\n[토지 대 23.8㎡]
658d2a878da8273ce357c7a6,서울중앙지방법원,서울중앙지방법원\n2021타경2708\n2022타경109279\n(중복),서울특별시 중구 명동길 81\n[건물 목조와즙 2층영업소 1층 23.14㎡ 2층 23.14㎡ 지하실 23.14㎡]
658d2a878da8273ce357c7a7,서울중앙지방법원,서울중앙지방법원\n2021타경2807\n2021타경107832\n(중복),서울특별시 종로구 구기동 76-2\n[토지 전 5416㎡]
658d2a878da8273ce357c7a8,서울중앙지방법원,서울중앙지방법원\n2021타경3411,"서울특별시 중구 을지로45길 72, 3층85호 (신당동,디자이너크럽)\n[집합건물 철근콘크리트조 4.94㎡]"
658d2a878da8273ce357c7a9,서울중앙지방법원,서울중앙지방법원\n2021타경3718,"서울특별시 관악구 난곡로26마길 28, 1층204호 (신림동,라임카운티)\n[집합건물 철근콘크리트구조 29.16㎡]"
658d2a878da8273ce357c7aa,서울중앙지방법원,서울중앙지방법원\n2021타경105713,"서울특별시 동작구 상도로62가길 11, 4층403호 (상도동,보성팰리스17차)\n[집합건물 철근콘크리트구조 29.62㎡]"
658d2a878da8273ce357c7ab,서울중앙지방법원,서울중앙지방법원\n2021타경107535,"서울특별시 종로구 지봉로12가길 4, 5층501호 (숭인동,숭인빌라)\n[집합건물 철근콘크리트구조 29.72㎡]"
658d2a878da8273ce357c7ac,서울중앙지방법원,서울중앙지방법원\n2021타경109005,"서울특별시 서초구 사임당로 175, 1층103호 (서초동,갤럭시타워)\n[집합건물 철근콘크리트구조 48.66㎡]"
658d2a878da8273ce357c7ad,서울중앙지방법원,서울중앙지방법원\n2021타경109005,"서울특별시 서초구 사임당로 175, 1층105호 (서초동,갤럭시타워)\n[집합건물 철근콘크리트구조 47.95㎡]"
658d2a888da8273ce357c7ae,서울중앙지방법원,서울중앙지방법원\n2021타경109005,"서울특별시 서초구 사임당로 175, 1층106호 (서초동,갤럭시타워)\n[집합건물 철근콘크리트구조 34.49㎡]"
658d2a888da8273ce357c7af,서울중앙지방법원,서울중앙지방법원\n2021타경109159,서울특별시 동작구 사당동 419-152 씨에스하우스 5층503호\n[집합건물 철근콘크리트구조 29.21㎡]
658d2a888da8273ce357c7b0,서울중앙지방법원,서울중앙지방법원\n2021타경109319,"서울특별시 동작구 성대로10길 62, 1층101호 (상도동,상도로지빌)\n[집합건물 철근콘크리트구조 29.25㎡]"
658d2a888da8273ce357c7b1,서울중앙지방법원,서울중앙지방법원\n2021타경110579,"서울특별시 관악구 쑥고개로2길 14, 2층201호 (신림동,리더스힐)\n[집합건물 철근콘크리트구조 29.99㎡]"
658d2a888da8273ce357c7b2,서울중앙지방법원,서울중앙지방법원\n2021타경110579,"서울특별시 관악구 쑥고개로2길 14, 4층401호 (신림동,리더스힐)\n[집합건물 철근콘크리트구조 29.99㎡]"
658d2a888da8273ce357c7b3,서울중앙지방법원,서울중앙지방법원\n2021타경110579,"서울특별시 관악구 쑥고개로2길 14, 4층402호 (신림동,리더스힐)\n[집합건물 철근콘크리트구조 29.97㎡]"
658d2a888da8273ce357c7b4,서울중앙지방법원,서울중앙지방법원\n2021타경110579,"서울특별시 관악구 쑥고개로2길 14, 6층601호 (신림동,리더스힐)\n[집합건물 철근콘크리트구조 29.99㎡]"
658d2a888da8273ce357c7b5,서울중앙지방법원,서울중앙지방법원\n2021타경111626,"서울특별시 관악구 봉천로23길 66, 3층301호\n[집합건물 철근콘크리트조 78.12㎡]"
658d2a888da8273ce357c7b6,서울중앙지방법원,서울중앙지방법원\n2022타경1252,서울특별시 관악구 신림동 254-238\n[토지 대 139㎡]
658d2a888da8273ce357c7b7,서울중앙지방법원,서울중앙지방법원\n2022타경1252,서울특별시 관악구 신림동 254-239\n[토지 대 139㎡]
658d2a888da8273ce357c7b8,서울중앙지방법원,서울중앙지방법원\n2022타경1252,서울특별시 관악구 대학12길 64\n[건물 철근콘크리트조및 연와조 스라브지붕 근린생활시설및주택 1층 135.54㎡ 2층 132.84㎡ 3층 132.84㎡ 4층 120.78㎡ 지층 83.75㎡]
658d2a888da8273ce357c7b9,서울중앙지방법원,서울중앙지방법원\n2022타경1962,"서울특별시 서초구 매헌로 16, 지1층리빙관지1지135호 (양재동,하이브랜드)\n[집합건물 철근콘크리트구조 192.21㎡]"
658d2a888da8273ce357c7ba,서울중앙지방법원,서울중앙지방법원\n2022타경1962,"서울특별시 서초구 매헌로 16, 지1층리빙관지1지136호 (양재동,하이브랜드)\n[집합건물 철근콘크리트구조 198.04㎡]"
658d2a888da8273ce357c7bb,서울중앙지방법원,서울중앙지방법원\n2022타경3814\n2021타경109715\n(중복),"서울특별시 서초구 서초중앙로29길 28, 303동 8층807호 (반포동,반포미도아파트)\n[집합건물 철근콩크리트조 84.96㎡ 갑구 4번 정유자 지분 20분의 10 전부]"
658d2a888da8273ce357c7bc,서울중앙지방법원,서울중앙지방법원\n2022타경4077,"서울특별시 서초구 잠원로3길 6, 101동 11층1105호 (잠원동,킴스빌리지)\n[집합건물 철근콘크리트조 23.70㎡]"
658d2a888da8273ce357c7bd,서울중앙지방법원,서울중앙지방법원\n2022타경101091,"서울특별시 동작구 국사봉10길 93, 4층403호 (상도동,동산휴그린타운)\n[집합건물 철근콘크리트구조 23.84㎡]"
658d2a888da8273ce357c7be,서울중앙지방법원,서울중앙지방법원\n2022타경101770,"서울특별시 중구 을지로45길 62, 지하2층702호 (신당동,누죤빌딩)\n[집합건물 철골철근콘크리트조 5.040㎡]"
658d2a888da8273ce357c7bf,서울중앙지방법원,서울중앙지방법원\n2022타경102995,"서울특별시 동작구 국사봉8길 64-14, 5층502호 (상도동,미소가)\n[집합건물 철근콘크리트구조 24.36㎡]"
658d2a888da8273ce357c7c0,서울중앙지방법원,서울중앙지방법원\n2022타경103028,"서울특별시 관악구 남현12길 38, 지층비02호 (남현동,우현빌리지)\n[집합건물 철근콘크리트구조 53.02㎡]"
658d2a888da8273ce357c7c1,서울중앙지방법원,서울중앙지방법원\n2022타경103394\n2022타경110125\n(중복),"서울특별시 강남구 언주로30길 56, 디동 14층1408호 (도곡동,타워팰리스)\n[집합건물 철골철근콘크리트구조 143.11㎡]"
658d2a888da8273ce357c7c2,서울중앙지방법원,서울중앙지방법원\n2022타경104427,"서울특별시 관악구 법원단지20길 9, 3층303호 (신림동,예그린)\n[집합건물 철근콘크리트구조 28.93㎡]"
658d2a888da8273ce357c7c3,서울중앙지방법원,서울중앙지방법원\n2022타경104427,"서울특별시 관악구 법원단지22길 22, 에이동 5층502호 (신림동,우림아트빌)\n[집합건물 철근콘크리트구조 37.49㎡]"
658d2a888da8273ce357c7c4,서울중앙지방법원,서울중앙지방법원\n2022타경104427,"서울특별시 관악구 법원단지22길 22, 비동 3층302호 (신림동,우림아트빌)\n[집합건물 철근콘크리트구조 37.49㎡]"
658d2a888da8273ce357c7c5,서울중앙지방법원,서울중앙지방법원\n2022타경104427,"서울특별시 관악구 난곡로26길 115, 2층202호 (신림동,대림아트빌)\n[집합건물 철근콘크리트구조 38.35㎡]"
658d2a888da8273ce357c7c6,서울중앙지방법원,서울중앙지방법원\n2022타경105222,서울특별시 종로구 평창동 179-5 밀레니엄 4층402호\n[집합건물 철근콘크리트조 81.9㎡]
658d2a888da8273ce357c7c7,서울중앙지방법원,서울중앙지방법원\n2022타경105499,"서울특별시 동작구 양녕로22바길 7, 5층502호 (상도동,행복한동행)\n[집합건물 철근콘크리트구조 29.78㎡]"
658d2a888da8273ce357c7c8,서울중앙지방법원,서울중앙지방법원\n2022타경107044,"서울특별시 관악구 양녕로6가길 50, 4층403호\n[집합건물 철근콘크리트구조 18.59㎡ 대지권의표시 토지의표시 1. 서울시 관악구 봉천동 458-6 대 105㎡ 1. 서울시 관악구 봉천동 458-113 대 102㎡ 1. 서울시 관악구 봉천동 458-114 대 1175㎡ 대지권의종류 1,2,3 소유권대지권 대지권의비율 324분의 11.210]"
658d2a888da8273ce357c7c9,서울중앙지방법원,서울중앙지방법원\n2022타경107112,"서울특별시 관악구 난곡로57길 11, 비동 2층201호 (신림동,브라운캐슬)\n[집합건물 철근콘크리트구조 48.21㎡ 대지권의표시 토지의표시 1. 서울시 관악구신림동 1480-1 대 514.7㎡ 대지권의종류 1 소유권대지권 대지권의비율 514.70분의 30.014]"
658d2a888da8273ce357c7ca,서울중앙지방법원,서울중앙지방법원\n2022타경108337,"서울특별시 동작구 성대로6가길 149, 에이동 3층301호 (상도동,상도동아파트)\n[집합건물 철근콘크리트구조 81.10㎡]"
658d2a898da8273ce357c7cb,서울중앙지방법원,서울중앙지방법원\n2022타경109057,"서울특별시 관악구 관천로15길 43, 5층503호 (신림동,자이칸타빌)\n[집합건물 철근콘크리트 구조29.97㎡]"
658d2a898da8273ce357c7cc,서울중앙지방법원,서울중앙지방법원\n2022타경109057,"서울특별시 관악구 난곡로59길 31, 2층201호 (신림동,진주리츠빌)\n[집합건물 철근콘크리트구조 45.17㎡]"
658d2a898da8273ce357c7cd,서울중앙지방법원,서울중앙지방법원\n2022타경109057,"서울특별시 관악구 봉천로23다길 49-10, 1층102호 (봉천동,수팰리스에프티)\n[집합건물 철근콘크리트구조 29.85㎡]"
658d2a898da8273ce357c7ce,서울중앙지방법원,서울중앙지방법원\n2022타경112121,"서울특별시 관악구 행운9길 29, 2층204호 (봉천동,리벤하임)\n[집합건물 철근콘크리트구조 27.16㎡]"
658d2a898da8273ce357c7cf,서울중앙지방법원,서울중앙지방법원\n2022타경112701,"서울특별시 중구 다산로46길 17, 15층이스트1507호 (흥인동,청계천 두산위브더제니스)\n[집합건물 철근콘크리트구조 92.1357 ㎡]"
658d2a898da8273ce357c7d0,서울중앙지방법원,서울중앙지방법원\n2022타경112879,"서울특별시 중구 중림로8길 16, 3층302호\n[집합건물 철근콘크리트구조 37.58㎡]"
658d2a898da8273ce357c7d1,서울중앙지방법원,서울중앙지방법원\n2023타경379,"서울특별시 서초구 바우뫼로39길 88-17, 1층101호\n[집합건물 철근콘크리트구조 23.23㎡]"
658d2a898da8273ce357c7d2,서울중앙지방법원,서울중앙지방법원\n2023타경379,"서울특별시 서초구 바우뫼로39길 88-17, 2층202호\n[집합건물 철근콘크리트구조 24.53㎡]"
658d2a898da8273ce357c7d3,서울중앙지방법원,서울중앙지방법원\n2023타경379,"서울특별시 서초구 바우뫼로39길 88-17, 2층203호\n[집합건물 철근콘크리트구조 23.85㎡]"
658d2a898da8273ce357c7d4,서울중앙지방법원,서울중앙지방법원\n2023타경379,"서울특별시 서초구 바우뫼로39길 88-17, 2층204호\n[집합건물 철근콘크리트구조 24.85㎡]"
658d2a898da8273ce357c7d5,서울중앙지방법원,서울중앙지방법원\n2023타경379,"서울특별시 서초구 바우뫼로39길 88-17, 3층301호\n[집합건물 철근콘크리트구조 24.61㎡]"
658d2a898da8273ce357c7d6,서울중앙지방법원,서울중앙지방법원\n2023타경379,"서울특별시 서초구 바우뫼로39길 88-17, 3층302호\n[집합건물 철근콘크리트구조 24.53㎡]"
658d2a898da8273ce357c7d7,서울중앙지방법원,서울중앙지방법원\n2023타경379,"서울특별시 서초구 바우뫼로39길 88-17, 3층303호\n[집합건물 철근콘크리트구조 24.40㎡]"
658d2a898da8273ce357c7d8,서울중앙지방법원,서울중앙지방법원\n2023타경379,"서울특별시 서초구 바우뫼로39길 88-17, 3층304호\n[집합건물 철근콘크리트구조 24.60㎡]"
658d2a898da8273ce357c7d9,서울중앙지방법원,서울중앙지방법원\n2023타경379,"서울특별시 서초구 바우뫼로39길 88-17, 4층401호\n[집합건물 철근콘크리트구조 30.96㎡]"
658d2a898da8273ce357c7da,서울중앙지방법원,서울중앙지방법원\n2023타경379,"서울특별시 서초구 바우뫼로39길 88-17, 4층402호\n[집합건물 철근콘크리트구조 31.00㎡]"
658d2a898da8273ce357c7db,서울중앙지방법원,서울중앙지방법원\n2023타경515,"서울특별시 중구 퇴계로 72, 1층110호 (회현동1가,리더스뷰남산)\n[집합건물 철근콘크리트구조 46.06㎡]"
658d2a898da8273ce357c7dc,서울중앙지방법원,서울중앙지방법원\n2023타경744\n2022타경111906\n(중복),"서울특별시 서초구 반포대로 58, 판매시설및운동시설동 222호 (서초동,서초아트자이)\n[집합건물 철근콘크리트구조 46.247㎡]"
658d2a898da8273ce357c7dd,서울중앙지방법원,서울중앙지방법원\n2023타경744\n2022타경111906\n(중복),"서울특별시 서초구 반포대로 58, 판매시설및운동시설동 223호 (서초동,서초아트자이)\n[집합건물 철근콘크리트구조 32.328㎡]"
658d2a898da8273ce357c7de,서울중앙지방법원,서울중앙지방법원\n2023타경744\n2022타경111906\n(중복),"서울특별시 서초구 반포대로 58, 판매시설및운동시설동 224호 (서초동,서초아트자이)\n[집합건물 철근콘크리트구조 32.328㎡]"
658d2a898da8273ce357c7df,서울중앙지방법원,서울중앙지방법원\n2023타경744\n2022타경111906\n(중복),"서울특별시 서초구 반포대로 58, 판매시설및운동시설동 225호 (서초동,서초아트자이)\n[집합건물 철근콘크리트구조 35.022㎡]"
658d2a898da8273ce357c7e0,서울중앙지방법원,서울중앙지방법원\n2023타경744\n2022타경111906\n(중복),"서울특별시 서초구 반포대로 58, 판매시설및운동시설동 226호 (서초동,서초아트자이)\n[집합건물 철근콘크리트구조 35.022㎡]"
658d2a898da8273ce357c7e1,서울중앙지방법원,서울중앙지방법원\n2023타경744\n2022타경111906\n(중복),"서울특별시 서초구 반포대로 58, 판매시설및운동시설동 227호 (서초동,서초아트자이)\n[집합건물 철근콘크리트구조 29.9071㎡]"
658d2a898da8273ce357c7e2,서울중앙지방법원,서울중앙지방법원\n2023타경744\n2022타경111906\n(중복),"서울특별시 서초구 반포대로 58, 판매시설및운동시설동 228호 (서초동,서초아트자이)\n[집합건물 철근콘크리트구조 30.1481㎡]"
658d2a898da8273ce357c7e3,서울중앙지방법원,서울중앙지방법원\n2023타경744\n2022타경111906\n(중복),"서울특별시 서초구 반포대로 58, 판매시설및운동시설동 229호 (서초동,서초아트자이)\n[집합건물 철근콘크리트구조 30.14㎡]"
658d2a898da8273ce357c7e4,서울중앙지방법원,서울중앙지방법원\n2023타경744\n2022타경111906\n(중복),"서울특별시 서초구 반포대로 58, 판매시설및운동시설동 231호 (서초동,서초아트자이)\n[집합건물 철근콘크리트구조 47.4286㎡]"
658d2a898da8273ce357c7e5,서울중앙지방법원,서울중앙지방법원\n2023타경768,"서울특별시 중구 장충단로 247, 7층에프7309호 (을지로6가,굿모닝시티쇼핑몰)\n[집합건물 철골철근콘크리트구조 3.50㎡]"
658d2a898da8273ce357c7e6,서울중앙지방법원,서울중앙지방법원\n2023타경768,"서울특별시 중구 장충단로 247, 7층에프7310호 (을지로6가,굿모닝시티쇼핑몰)\n[집합건물 철골철근콘크리트구조 3.50㎡]"
658d2a898da8273ce357c7e7,서울중앙지방법원,서울중앙지방법원\n2023타경805,"서울특별시 중구 을지로 264, 5층5027호 (을지로6가,동대문패션티브이)\n[집합건물 철골철근콘크리트구조 3.97㎡]"
658d2a898da8273ce357c7e8,서울중앙지방법원,서울중앙지방법원\n2023타경805,"서울특별시 중구 을지로 264, 5층5028호 (을지로6가,동대문패션티브이)\n[집합건물 철골철근콘크리트구조 3.97㎡]"
658d2a898da8273ce357c7e9,서울중앙지방법원,서울중앙지방법원\n2023타경867,"서울특별시 중구 을지로 264, 4층4032호 (을지로6가,동대문패션티브이)\n[집합건물 철골철근콘크리트구조 3.97㎡]"
658d2a898da8273ce357c7ea,서울중앙지방법원,서울중앙지방법원\n2023타경881,"서울특별시 서초구 매헌로 16, 6층리빙관6층645호 (양재동,하이브랜드)\n[집합건물 철근콘크리트구조 12.80㎡]"
658d2a898da8273ce357c7eb,서울중앙지방법원,서울중앙지방법원\n2023타경881,"서울특별시 서초구 매헌로 16, 6층리빙관6층646호 (양재동,하이브랜드)\n[집합건물 철근콘크리트구조 11.61㎡]"
658d2a898da8273ce357c7ec,서울중앙지방법원,서울중앙지방법원\n2023타경966,"서울특별시 중구 을지로 264, 3층3028호 (을지로6가,동대문패션티브이)\n[집합건물 철골철근콘크리트구조 3.97㎡]"
658d2a898da8273ce357c7ed,서울중앙지방법원,서울중앙지방법원\n2023타경1020,"서울특별시 중구 퇴계로 123, 3층3063호 (충무로2가,하이해리엇)\n[집합건물 철골철근콘크리트구조 3.83㎡]"
658d2a898da8273ce357c7ee,서울중앙지방법원,서울중앙지방법원\n2023타경1082,"서울특별시 중구 퇴계로 123, 6층6101호 (충무로2가,하이해리엇)\n[집합건물 철골철근콘크리트구조 5.02㎡]"
658d2a8a8da8273ce357c7ef,서울중앙지방법원,서울중앙지방법원\n2023타경1228,"서울특별시 중구 퇴계로 123, 2층2088호 (충무로2가,하이해리엇)\n[집합건물 철골철근콘크리트구조 3.48㎡]"
658d2a8a8da8273ce357c7f0,서울중앙지방법원,서울중앙지방법원\n2023타경1518,"서울특별시 중구 을지로 264, 5층5084호 (을지로6가,동대문패션티브이)\n[집합건물 철골철근콘크리트구조 3.97㎡]"
658d2a8a8da8273ce357c7f1,서울중앙지방법원,서울중앙지방법원\n2023타경1518,"서울특별시 중구 을지로 264, 6층6112호 (을지로6가,동대문패션티브이)\n[집합건물 철골철근콘크리트구조 3.97㎡]"
658d2a8a8da8273ce357c7f2,서울중앙지방법원,서울중앙지방법원\n2023타경1532,"서울특별시 중구 을지로 264, 6층6135호 (을지로6가,동대문패션티브이)\n[집합건물 철골철근콘크리트구조 3.97㎡]"
658d2a8a8da8273ce357c7f3,서울중앙지방법원,서울중앙지방법원\n2023타경1594,서울특별시 관악구 봉천동 905-19\n[토지 대 180.2㎡]
658d2a8a8da8273ce357c7f4,서울중앙지방법원,서울중앙지방법원\n2023타경1594,서울특별시 관악구 은천로10길 31\n[건물 철근콘크리트구조 (철근)콘크리트지붕 3층 단독주택 및 제2종근린생활시설 지1 101.36㎡ 1층 83.51㎡ 2층 83.51㎡ 3층 83.51㎡ 옥탑1층 42.67㎡ (연면적제외)]
658d2a8a8da8273ce357c7f5,서울중앙지방법원,서울중앙지방법원\n2023타경1617,"서울특별시 중구 충무로 13, 2층207호 (충무로3가,엘크루메트로시티)\n[집합건물 철근콘크리트구조 16.50㎡]"
658d2a8a8da8273ce357c7f6,서울중앙지방법원,서울중앙지방법원\n2023타경1617,"서울특별시 중구 충무로 13, 2층208호 (충무로3가,엘크루메트로시티)\n[집합건물 철근콘크리트구조 16.50㎡]"
658d2a8a8da8273ce357c7f7,서울중앙지방법원,서울중앙지방법원\n2023타경1655,"서울특별시 중구 을지로 264, 6층6131호 (을지로6가,동대문패션티브이)\n[집합건물 철골철근콘크리트구조 3.97㎡]"
658d2a8a8da8273ce357c7f8,서울중앙지방법원,서울중앙지방법원\n2023타경1679,"서울특별시 중구 을지로 264, 3층3206호 (을지로6가,동대문패션티브이)\n[집합건물 철골철근콘크리트구조 3.97㎡]"
658d2a8a8da8273ce357c7f9,서울중앙지방법원,서울중앙지방법원\n2023타경1723,서울특별시 중구 신당동 333-130\n[토지 대 383㎡]
658d2a8a8da8273ce357c7fa,서울중앙지방법원,서울중앙지방법원\n2023타경1723,서울특별시 중구 다산로22길 45\n[건물 목조 스레트즙 단층주택 108.69㎡ 지층 1.65㎡ 목조 아연즙 단층 물치 3.31㎡]
658d2a8a8da8273ce357c7fb,서울중앙지방법원,서울중앙지방법원\n2023타경1730,"서울특별시 서초구 사임당로 130, 7동 13층1314호 (서초동,신동아아파트)\n[집합건물 철근콩크리트조 75.86㎡]"
658d2a8a8da8273ce357c7fc,서울중앙지방법원,서울중앙지방법원\n2023타경2597,"서울특별시 강남구 선릉로 221, 102동 16층1602호 (도곡동,도곡렉슬아파트)\n[집합건물 철근콘크리트구조 59.9772㎡]"
658d2a8a8da8273ce357c7fd,서울중앙지방법원,서울중앙지방법원\n2023타경2702,"서울특별시 서초구 신반포로23길 78-10, 6층602호 (잠원동,신반포중앙하이츠)\n[집합건물 철근콘크리트구조 53.31㎡]"
658d2a8a8da8273ce357c7fe,서울중앙지방법원,서울중앙지방법원\n2023타경2757,서울특별시 종로구 숭인동 56-177\n[토지 대 70.7㎡ 갑구 9번 조동선 지분 15분의 1 전부]
658d2a8a8da8273ce357c7ff,서울중앙지방법원,서울중앙지방법원\n2023타경2788,서울특별시 중구 충무로1가 23-19\n[토지 대 104.8㎡]
658d2a8a8da8273ce357c800,서울중앙지방법원,서울중앙지방법원\n2023타경2788,서울특별시 중구 명동8길 46\n[건물 1호 목조 세멘부록조 및 함석지붕 4층 점포 1층 84.32㎡ 2층 84.32㎡ 3층 84.32㎡ 4층 36.06㎡]
658d2a8a8da8273ce357c801,서울중앙지방법원,서울중앙지방법원\n2023타경2931,"서울특별시 관악구 남부순환로260길 65, 4층401호\n[집합건물 철근콘크리트구조 48.88]"
658d2a8a8da8273ce357c802,서울중앙지방법원,서울중앙지방법원\n2023타경3095,"서울특별시 종로구 평창문화로 81-8, 3동 101호 (평창동,현대빌라)\n[집합건물 철근콩크리트조 층 146.59㎡ 지하 23.70㎡ 부속 차고 13.48㎡]"
658d2a8a8da8273ce357c803,서울중앙지방법원,서울중앙지방법원\n2023타경3453,"서울특별시 종로구 평창11길 19-3, 2층 502호 (평창동,요진빌라)\n[집합건물 알.씨조 227.785㎡]"
658d2a8a8da8273ce357c804,서울중앙지방법원,서울중앙지방법원\n2023타경3507,"서울특별시 강남구 언주로 122, 2층207호 (도곡동,우성캐릭터-빌)\n[집합건물 철골.철근콘크리트조 51.55㎡]"
658d2a8a8da8273ce357c805,서울중앙지방법원,서울중앙지방법원\n2023타경3552,서울특별시 강남구 신사동 637-10\n[토지 대 382.5㎡ 갑구 1번 이훈숙 지분 2분의 1 전부]
658d2a8a8da8273ce357c806,서울중앙지방법원,서울중앙지방법원\n2023타경3552,서울특별시 강남구 언주로174길 16\n[건물 철근콘크리트조 슬라브지붕 5층 근린생활시설 1층 187.7 ㎡ 2층 189.81㎡ 3층 189.81㎡ 4층 195.42㎡ 5층 60.28㎡ 지하1층 250.8㎡ 갑구 1번 이훈숙 지분 2분의 1 전부]
658d2a8a8da8273ce357c807,서울중앙지방법원,서울중앙지방법원\n2023타경3637,서울특별시 종로구 익선동 21\n[토지 대 72.7㎡]
658d2a8a8da8273ce357c808,서울중앙지방법원,서울중앙지방법원\n2023타경3637,"서울특별시 종로구 돈화문로11나길 66\n[건물 철근콘크리트 평슬래브지붕 3층 위험물저장및처리시설, 주택 1층 31.16㎡ 2층 33.08㎡ 3층 38.23㎡ (내역:1층 위험물저장및처리시설, 2,3층 주택)]"
658d2a8a8da8273ce357c809,서울중앙지방법원,서울중앙지방법원\n2023타경100262,"서울특별시 관악구 난곡로30길 12, 3층304호 (신림동,예성휴캐슬)\n[집합건물 철근콘크리트구조 36.62㎡]"
658d2a8a8da8273ce357c80a,서울중앙지방법원,서울중앙지방법원\n2023타경100866,"서울특별시 관악구 은천로35다길 26-4, 4층401호 (봉천동,더빌)\n[집합건물 철근콘크리트구조 53.47㎡]"
658d2a8a8da8273ce357c80b,서울중앙지방법원,서울중앙지방법원\n2023타경100866,"서울특별시 동작구 국사봉10길 38-3, 4층402호 (상도동,미소빌)\n[집합건물 철근콘크리트구조 39.21㎡]"
658d2a8a8da8273ce357c80c,서울중앙지방법원,서울중앙지방법원\n2023타경101388,"서울특별시 관악구 난곡로47길 10, 5층502호\n[집합건물 철근콘크리트구조 37.83㎡]"
658d2a8a8da8273ce357c80d,서울중앙지방법원,서울중앙지방법원\n2023타경101852,"서울특별시 관악구 쑥고개로2가길 15, 3층303호 (신림동,뷰테라스)\n[집합건물 철근콘크리트구조 29.52㎡]"
658d2a8a8da8273ce357c80e,서울중앙지방법원,서울중앙지방법원\n2023타경101920,"서울특별시 동작구 여의대방로26길 50, 4층403호 (대방동,성진리치빌)\n[집합건물 철근콘크리트구조 35.22㎡]"
658d2a8a8da8273ce357c80f,서울중앙지방법원,서울중앙지방법원\n2023타경102107,"서울특별시 관악구 난곡로49길 20, 101동 2층203호 (신림동,골든네스트)\n[집합건물 철근콘크리트구조 28.49㎡]"
658d2a8a8da8273ce357c810,서울중앙지방법원,서울중앙지방법원\n2023타경102121,서울특별시 중구 신당동 133-20\n[토지 대 81.8㎡]
658d2a8a8da8273ce357c811,서울중앙지방법원,서울중앙지방법원\n2023타경102534,서울특별시 서초구 원지동 150-2\n[토지 전 3600㎡ 갑구 13번 현두선 지분 6분의 1 전부]
658d2a8a8da8273ce357c812,서울중앙지방법원,서울중앙지방법원\n2023타경103377\n2023타경105960\n(중복),"서울특별시 강남구 삼성로 150, 109동 2층203호 (삼성동,한보미도맨션)\n[집합건물 철근콘크리트조 174.67㎡]"
658d2a8a8da8273ce357c813,서울중앙지방법원,서울중앙지방법원\n2023타경103773,서울특별시 종로구 부암동 382-69\n[토지 대 73㎡]
658d2a8a8da8273ce357c814,서울중앙지방법원,서울중앙지방법원\n2023타경103773,서울특별시 종로구 부암동 382-68\n[건물 블럭조기와지붕단층주택 28.85㎡]
658d2a8a8da8273ce357c815,서울중앙지방법원,서울중앙지방법원\n2023타경103964,"서울특별시 강남구 삼성로4길 17, 506동 1층101호\n[집합건물 철근콩크리트조 53.98㎡]"
658d2a8a8da8273ce357c816,서울중앙지방법원,서울중앙지방법원\n2023타경103964,서울특별시 강남구 개포동 187\n[토지 대 55858㎡ 갑구 1번 장한수 지분 55858분의 45.06 전부]
658d2a8b8da8273ce357c817,서울중앙지방법원,서울중앙지방법원\n2023타경104677,서울특별시 관악구 봉천동 178-158\n[토지 도로 40㎡ 갑구 2번 정성환 지분 3분의 1 전부]
658d2a8b8da8273ce357c818,서울중앙지방법원,서울중앙지방법원\n2023타경105007,서울특별시 강남구 도곡동 518-1\n[토지 대 495.9㎡]
658d2a8b8da8273ce357c819,서울중앙지방법원,서울중앙지방법원\n2023타경105007,서울특별시 강남구 논현로30길 14\n[건물 철골조 평슬라브 4층 근린생활시설 1층 270.30㎡ 2층 288.76㎡ 3층 288.76㎡ 4층 288.76㎡]
658d2a8b8da8273ce357c81a,서울중앙지방법원,서울중앙지방법원\n2023타경105212,"서울특별시 동작구 성대로12가길 72, 5층501호 (상도동,강호빌리지)\n[집합건물 철근콘크리트구조 29.74㎡]"
658d2a8b8da8273ce357c81b,서울중앙지방법원,서울중앙지방법원\n2023타경105670,서울특별시 동작구 사당동 1026-50\n[토지 대 200.3㎡]
658d2a8b8da8273ce357c81c,서울중앙지방법원,서울중앙지방법원\n2023타경105717,"서울특별시 관악구 청룡4길 32, 8층802호 (봉천동,청룡오피스텔)\n[집합건물 철근콘크리트구조 14.26㎡]"
658d2a8b8da8273ce357c81d,서울중앙지방법원,서울중앙지방법원\n2023타경105755,"서울특별시 관악구 신림로44가길 51, 2층201호 (신림동,삼성아트빌)\n[집합건물 철근콘크리구조 48.01㎡]"
658d2a8b8da8273ce357c81e,서울중앙지방법원,서울중앙지방법원\n2023타경105793,"서울특별시 종로구 종로63마길 4, 지하1층201호 (숭인동,로하스빌12차)\n[집합건물 철근콘크리트구조 22.01㎡]"
658d2a8b8da8273ce357c81f,서울중앙지방법원,서울중앙지방법원\n2023타경105878,서울특별시 중구 장충동2가 192-21\n[토지 대 23.1㎡ 경매할 지분 3분의 1 오산 지분 전부]
658d2a8b8da8273ce357c820,서울중앙지방법원,서울중앙지방법원\n2023타경106017,"서울특별시 관악구 은천로 93, 205동 16층1602호 (봉천동,벽산블루밍)\n[집합건물 철근콘크리트조 114.97㎡]"
658d2a8b8da8273ce357c821,서울중앙지방법원,서울중앙지방법원\n2023타경106192,"서울특별시 동작구 국사봉10길 93, 5층502호 (상도동,동산휴그린타운)\n[집합건물 철근콘크리트구조 17.06㎡]"
658d2a8b8da8273ce357c822,서울중앙지방법원,서울중앙지방법원\n2023타경106413\n2023타경3217\n(중복),서울특별시 동작구 사당동 1032-3\n[토지 대 131㎡]
658d2a8b8da8273ce357c823,서울중앙지방법원,서울중앙지방법원\n2023타경106413\n2023타경3217\n(중복),서울특별시 동작구 사당동 1032-6\n[토지 대 190.1㎡]
658d2a8b8da8273ce357c824,서울중앙지방법원,서울중앙지방법원\n2023타경106567,서울특별시 종로구 동숭동 201-28\n[토지 대 162㎡ 갑구 3번 최재은 지분 7분의 1 전부]
658d2a8b8da8273ce357c825,서울중앙지방법원,서울중앙지방법원\n2023타경106567,서울특별시 종로구 낙산3길 38\n[건물 벽돌조 평슬래브지붕 2층 주택 1층 69.81㎡ 2층 69.81㎡ 지층 69.81㎡ 내역 지층 대피실 보일러실임 갑구 1번 최재은 지분 7분의 1 전부]
658d2a8b8da8273ce357c826,서울중앙지방법원,서울중앙지방법원\n2023타경106581,"서울특별시 관악구 행운5길 29, 5층502호 (봉천동,비쥬타운에이)\n[집합건물 철근콘크리트구조 26.25㎡]"
658d2a8b8da8273ce357c827,서울중앙지방법원,서울중앙지방법원\n2023타경106765,"서울특별시 관악구 난곡로24라길 21, 101동 4층401호 (신림동,씨지아름채)\n[집합건물 철근콘크리트구조 28.51㎡]"
658d2a8b8da8273ce357c828,서울중앙지방법원,서울중앙지방법원\n2023타경106796,"서울특별시 관악구 은천로35다길 26-4, 2층202호 (봉천동,더빌)\n[집합건물 철근콘크리구조 29.98㎡]"
658d2a8b8da8273ce357c829,서울중앙지방법원,서울중앙지방법원\n2023타경106871,"서울특별시 강남구 광평로19길 15, 108동 11층1106호 (일원동,목련타운)\n[집합건물 철근콘크리트조 134.71㎡]"
658d2a8b8da8273ce357c82a,서울중앙지방법원,서울중앙지방법원\n2023타경106888,사용본거지 : 서울특별시 서초구 내곡동 1-593\n[K7 2012년식 승용차]
658d2a8b8da8273ce357c82b,서울중앙지방법원,서울중앙지방법원\n2023타경106932,사용본거지 : 서울특별시 서초구 신흥말길 130-4\n[K5 하이브리드 2012년식 승용차]
658d2a8b8da8273ce357c82c,서울중앙지방법원,서울중앙지방법원\n2023타경107072,"서울특별시 관악구 양지길 52-1, 105동 15층1502호 (신림동,관악우정하이비젼아파트2단지)\n[집합건물 철근콘크리트구조 84.58㎡]"
658d2a8b8da8273ce357c82d,서울중앙지방법원,서울중앙지방법원\n2023타경107195,"서울특별시 관악구 신림로66길 42, 10층1004호 (신림동,신림큐브)\n[집합건물 철근콘크리트구조 13.41㎡]"
658d2a8b8da8273ce357c82e,서울중앙지방법원,서울중앙지방법원\n2023타경107386,"서울특별시 강남구 삼성로 436, 5층501호 (대치동,바실리체)\n[집합건물 철근콘크리트구조 44.58㎡]"
658d2a8b8da8273ce357c82f,서울중앙지방법원,서울중앙지방법원\n2023타경107515,서울특별시 강남구 청담동 13-12\n[토지 대 315.5㎡]
658d2a8b8da8273ce357c830,서울중앙지방법원,서울중앙지방법원\n2023타경107515,서울특별시 강남구 도산대로70길 23\n[건물 철근콘크리트구조 철근콘크리트지붕 4층 근린생활시설 지하1층 215.28㎡ 1층 172.56㎡ 2층 171.78㎡ 3층 165.48㎡ 4층 130.66㎡]
658d2a8b8da8273ce357c831,서울중앙지방법원,서울중앙지방법원\n2023타경107683\n2023타경111378\n(중복),서울특별시 관악구 봉천동 644-19\n[토지 대 175㎡]
658d2a8b8da8273ce357c832,서울중앙지방법원,서울중앙지방법원\n2023타경107683\n2023타경111378\n(중복),서울특별시 관악구 봉천로23다길 56\n[건물 철근콘크리트구조 (철근)콘크리트지붕 3층 단독주택 지1 91.85㎡ 1층 75.72㎡ 2층 81.51㎡ 3층 80.74㎡ 옥탑1층 10.08㎡(연면적제외)]
658d2a8b8da8273ce357c833,서울중앙지방법원,서울중앙지방법원\n2023타경107690,"서울특별시 관악구 관천로11길 95, 2층202호 (신림동,엠엘쉐르빌)\n[집합건물 철근콘크리트구조 38.42㎡]"
658d2a8c8da8273ce357c834,서울중앙지방법원,서울중앙지방법원\n2023타경107713,"서울특별시 중구 청계천로 400, 101동 32층3210호 (황학동,롯데캐슬 베네치아)\n[집합건물 일반철골구조 84.97㎡]"
658d2a8c8da8273ce357c835,서울중앙지방법원,서울중앙지방법원\n2023타경107720,서울특별시 중구 신당동 432-1234\n[토지 대 102㎡ 갑구 8번 박상현 7분의2 지분 전부]
658d2a8c8da8273ce357c836,서울중앙지방법원,서울중앙지방법원\n2023타경107720,서울특별시 중구 동호로11길 108-7\n[건물 연와조 슬래브지붕2층주택 1층 39.11㎡ 2층 39.11㎡ 갑구6번 박상현 7분의2 지분 전부]
658d2a8c8da8273ce357c837,서울중앙지방법원,서울중앙지방법원\n2023타경107812,서울특별시 종로구 평창동 416-17\n[토지 대 466㎡ 갑구 2번 최상미 지분 2분의 1 전부]
658d2a8c8da8273ce357c838,서울중앙지방법원,서울중앙지방법원\n2023타경107812,"서울특별시 종로구 평창42길 35\n[건물 철근콘크리트조 평경사슬래브지붕 2층 단독주택 및 근린생활시설 1층 138.43㎡ 2층 118.78㎡ 지층 113.40㎡ 용도내역:1,2층 주택 지층-주택 52.36㎡, 근린생활시설(사무소)61.04㎡ 갑구 1번 최상미 지분 2분의 1 전부]"
658d2a8c8da8273ce357c839,서울중앙지방법원,서울중앙지방법원\n2023타경107911\n2023타경107966\n(중복),"서울특별시 서초구 동산로19길 20, 4층402호 (양재동,꾸메빌)\n[집합건물 철근콘크리트구조 41.96㎡]"
658d2a8c8da8273ce357c83a,서울중앙지방법원,서울중앙지방법원\n2023타경108075,"서울특별시 강남구 학동로68길 29, 115동 16층1602호 (삼성동,삼성동 힐스테이트1 단지)\n[집합건물 철근콘크리트구조 84.236㎡]"
658d2a8c8da8273ce357c83b,서울중앙지방법원,서울중앙지방법원\n2023타경108204,"서울특별시 관악구 난곡로63길 26, 9층902호 (신림동,삼성 아파트)\n[집합건물 철근콘크리트구조 69.29㎡ 갑구 1번 채움산업개발 주식회사 지분 294분의 16.33 전부]"
658d2a8c8da8273ce357c83c,서울중앙지방법원,서울중앙지방법원\n2023타경108280,서울특별시 강남구 역삼동 779-1\n[토지 대 313.6㎡]
658d2a8c8da8273ce357c83d,서울중앙지방법원,서울중앙지방법원\n2023타경108280,"서울특별시 강남구 도곡로37길 38 (역삼동,스타빌딩1)\n[건물 철근콘크리트구조 평스라브지붕 6층 제2종근린생활시설,단독주택 지1층 129.01㎡ 1층 139.47㎡ 2층 150㎡ 3층 150㎡ 4층 150㎡ 5층 93.34㎡ 6층 69.43㎡ 옥탑2층 13.42㎡(연면적 제외) 옥탑1층 13.42㎡(연면적 제외)]"
658d2a8c8da8273ce357c83e,서울중앙지방법원,서울중앙지방법원\n2023타경108334,사용본거지 : 서울특별시 서초구 신흥말길 130-4\n[BMW X5 xDrive30d 2015년식 승용차]
658d2a8c8da8273ce357c83f,서울중앙지방법원,서울중앙지방법원\n2023타경108358,"서울특별시 서초구 반포대로 275, 124동 26층2601호 (반포동,래미안퍼스티지)\n[집합건물 철근콘크리트구조 222.15㎡]"
658d2a8c8da8273ce357c840,서울중앙지방법원,서울중앙지방법원\n2023타경108440,"서울특별시 동작구 사당로17길 111, 1동 9층906호 (사당동,현대아파트)\n[집합건물 철근콘크리트조 120.03㎡]"
658d2a8c8da8273ce357c841,서울중앙지방법원,서울중앙지방법원\n2023타경108495,"서울특별시 동작구 양녕로22다길 27, 4층402호\n[집합건물 철근콘크리트조 44.92㎡]"
658d2a8c8da8273ce357c842,서울중앙지방법원,서울중앙지방법원\n2023타경108570,"서울특별시 종로구 평창문화로 142, 1층103호 (평창동,엘리시아)\n[집합건물 철근콘크리트구조 213.07㎡]"
658d2a8c8da8273ce357c843,서울중앙지방법원,서울중앙지방법원\n2023타경108655,"서울특별시 동작구 국사봉10길 62-4, 2층203호\n[집합건물 철근콘크리트구조 29.85㎡]"
658d2a8c8da8273ce357c844,서울중앙지방법원,서울중앙지방법원\n2023타경108938\n2023타경108709\n(중복),"서울특별시 서초구 남부순환로 2183, 102동 15층1503호 (방배동,방배래미안타워)\n[집합건물 철근콘크리트구조 134.96㎡]"
658d2a8c8da8273ce357c845,서울중앙지방법원,서울중앙지방법원\n2023타경109085,"서울특별시 서초구 서초대로 13, 1동 11층1103호 (방배동,방배마에스트로)\n[집합건물 철골철근콘크리트구조 공동주택(아파트) 35.3700㎡]"
658d2a8c8da8273ce357c846,서울중앙지방법원,서울중앙지방법원\n2023타경109092,"서울특별시 강남구 영동대로142길 25, 15층1501호 (청담동,청담아이파크)\n[집합건물 철근 콘크리트조 110.14㎡]"
658d2a8c8da8273ce357c847,서울중앙지방법원,서울중앙지방법원\n2023타경109139,"서울특별시 관악구 조원로23길 5, 지하층비02호\n[집합건물 알.씨조 59.28㎡]"
658d2a8c8da8273ce357c848,서울중앙지방법원,서울중앙지방법원\n2023타경109245,"서울특별시 강남구 선릉로69길 19, 112동 11층1102호 (역삼동,역삼래미안)\n[집합건물 철근콘크리트조 59.53㎡]"
658d2a8c8da8273ce357c849,서울중앙지방법원,서울중앙지방법원\n2023타경109344,"서울특별시 동작구 남부순환로265길 13, 6층601호 (사당동,기쁨채)\n[집합건물 철근콘크리트구조 57.43㎡]"
658d2a8c8da8273ce357c84a,서울중앙지방법원,서울중앙지방법원\n2023타경109351,서울특별시 동작구 사당동 419-152 씨에스하우스 3층305호\n[집합건물 철근콘크리트구조 17.09㎡]
658d2a8c8da8273ce357c84b,서울중앙지방법원,서울중앙지방법원\n2023타경109368,"서울특별시 관악구 국회단지길 64, 3층302호 (봉천동,나무그늘빌)\n[집합건물 철근콘크리트구조 29.97㎡]"
658d2a8c8da8273ce357c84c,서울중앙지방법원,서울중앙지방법원\n2023타경109597,"서울특별시 관악구 은천로35라길 25, 2층203호 (봉천동,프라임21)\n[집합건물 철근콘크리트구조 32.46㎡]"
658d2a8c8da8273ce357c84d,서울중앙지방법원,서울중앙지방법원\n2023타경109627,"서울특별시 서초구 반포대로23길 64-7, 비동 1층102호 (서초동,삼성홈스테이)\n[집합건물 철근콘크리트구조 29.96㎡]"
658d2a8c8da8273ce357c84e,서울중앙지방법원,서울중앙지방법원\n2023타경109696,서울특별시 동작구 사당동 419-152 씨에스하우스 4층405호\n[집합건물 철근콘크리트구조 17.09㎡]
658d2a8c8da8273ce357c84f,서울중앙지방법원,서울중앙지방법원\n2023타경109931,"서울특별시 관악구 낙성대역10길 21, 1층102호 (봉천동,대호리치빌)\n[집합건물 철근콘크리트조 68.74㎡]"
658d2a8c8da8273ce357c850,서울중앙지방법원,서울중앙지방법원\n2023타경109979,"서울특별시 종로구 종로31길 43, 10층1001호 (인의동,루비온오피스텔)\n[집합건물 철근콘크리트구조 18.2㎡]"
658d2a8c8da8273ce357c851,서울중앙지방법원,서울중앙지방법원\n2023타경110016,"서울특별시 서초구 반포대로5길 65, 101동 4층403호 (서초동,아이파크빌)\n[집합건물 철근콘크리트 벽식조 179.28㎡]"
658d2a8c8da8273ce357c852,서울중앙지방법원,서울중앙지방법원\n2023타경110030,"서울특별시 관악구 남부순환로156길 40, 2층202호\n[집합건물 철근콘크리트조 54.65㎡]"
658d2a8f8da8273ce357c853,서울중앙지방법원,서울중앙지방법원\n2017타경4776,"서울특별시 중구 청계천로 318, 1층11호\n[집합건물 철근콘크리트조 19.83㎡ 2분의 1 한인성 지분 전부]"
658d2a8f8da8273ce357c854,서울중앙지방법원,서울중앙지방법원\n2021타경610,서울특별시 종로구 홍지동 129-14\n[토지 대 231㎡]
658d2a8f8da8273ce357c855,서울중앙지방법원,서울중앙지방법원\n2021타경610,서울특별시 종로구 자하문로41길 32\n[건물 블럭조 기와지붕 단층주택 33.80㎡ 블럭조 기와지붕 단층주택 6.96㎡ 블럭조 기와지붕 단층주택 1.56㎡]
658d2a8f8da8273ce357c856,서울중앙지방법원,서울중앙지방법원\n2021타경1699,"서울특별시 관악구 난곡로26길 115, 2층203호 (신림동, 대림아트빌)\n[집합건물 철근콘크리트구조 37.77㎡]"
658d2a8f8da8273ce357c857,서울중앙지방법원,서울중앙지방법원\n2021타경1712,"서울특별시 관악구 난곡로26길 115, 4층401호 (신림동,대림아트빌)\n[집합건물 철근콘크리트구조 28.92㎡]"
658d2a8f8da8273ce357c858,서울중앙지방법원,서울중앙지방법원\n2021타경2708\n2022타경109279\n(중복),서울특별시 중구 저동1가 103-7\n[토지 대 38.3㎡]
658d2a8f8da8273ce357c859,서울중앙지방법원,서울중앙지방법원\n2021타경2708\n2022타경109279\n(중복),서울특별시 중구 저동1가 103-8\n[토지 대 23.8㎡]
658d2a8f8da8273ce357c85a,서울중앙지방법원,서울중앙지방법원\n2021타경2708\n2022타경109279\n(중복),서울특별시 중구 명동길 81\n[건물 목조와즙 2층영업소 1층 23.14㎡ 2층 23.14㎡ 지하실 23.14㎡]
658d2a8f8da8273ce357c85b,서울중앙지방법원,서울중앙지방법원\n2021타경2807\n2021타경107832\n(중복),서울특별시 종로구 구기동 76-2\n[토지 전 5416㎡]
658d2a8f8da8273ce357c85c,서울중앙지방법원,서울중앙지방법원\n2021타경3411,"서울특별시 중구 을지로45길 72, 3층85호 (신당동,디자이너크럽)\n[집합건물 철근콘크리트조 4.94㎡]"
658d2a8f8da8273ce357c85d,서울중앙지방법원,서울중앙지방법원\n2021타경3718,"서울특별시 관악구 난곡로26마길 28, 1층204호 (신림동,라임카운티)\n[집합건물 철근콘크리트구조 29.16㎡]"
658d2a8f8da8273ce357c85e,서울중앙지방법원,서울중앙지방법원\n2021타경105713,"서울특별시 동작구 상도로62가길 11, 4층403호 (상도동,보성팰리스17차)\n[집합건물 철근콘크리트구조 29.62㎡]"
658d2a8f8da8273ce357c85f,서울중앙지방법원,서울중앙지방법원\n2021타경107535,"서울특별시 종로구 지봉로12가길 4, 5층501호 (숭인동,숭인빌라)\n[집합건물 철근콘크리트구조 29.72㎡]"
658d2a8f8da8273ce357c860,서울중앙지방법원,서울중앙지방법원\n2021타경109005,"서울특별시 서초구 사임당로 175, 1층103호 (서초동,갤럭시타워)\n[집합건물 철근콘크리트구조 48.66㎡]"
658d2a8f8da8273ce357c861,서울중앙지방법원,서울중앙지방법원\n2021타경109005,"서울특별시 서초구 사임당로 175, 1층105호 (서초동,갤럭시타워)\n[집합건물 철근콘크리트구조 47.95㎡]"
658d2a8f8da8273ce357c862,서울중앙지방법원,서울중앙지방법원\n2021타경109005,"서울특별시 서초구 사임당로 175, 1층106호 (서초동,갤럭시타워)\n[집합건물 철근콘크리트구조 34.49㎡]"
658d2a8f8da8273ce357c863,서울중앙지방법원,서울중앙지방법원\n2021타경109159,서울특별시 동작구 사당동 419-152 씨에스하우스 5층503호\n[집합건물 철근콘크리트구조 29.21㎡]
658d2a8f8da8273ce357c864,서울중앙지방법원,서울중앙지방법원\n2021타경109319,"서울특별시 동작구 성대로10길 62, 1층101호 (상도동,상도로지빌)\n[집합건물 철근콘크리트구조 29.25㎡]"
658d2a8f8da8273ce357c865,서울중앙지방법원,서울중앙지방법원\n2021타경110579,"서울특별시 관악구 쑥고개로2길 14, 2층201호 (신림동,리더스힐)\n[집합건물 철근콘크리트구조 29.99㎡]"
658d2a8f8da8273ce357c866,서울중앙지방법원,서울중앙지방법원\n2021타경110579,"서울특별시 관악구 쑥고개로2길 14, 4층401호 (신림동,리더스힐)\n[집합건물 철근콘크리트구조 29.99㎡]"
658d2a908da8273ce357c867,서울중앙지방법원,서울중앙지방법원\n2021타경110579,"서울특별시 관악구 쑥고개로2길 14, 4층402호 (신림동,리더스힐)\n[집합건물 철근콘크리트구조 29.97㎡]"
658d2a908da8273ce357c868,서울중앙지방법원,서울중앙지방법원\n2021타경110579,"서울특별시 관악구 쑥고개로2길 14, 6층601호 (신림동,리더스힐)\n[집합건물 철근콘크리트구조 29.99㎡]"
658d2a908da8273ce357c869,서울중앙지방법원,서울중앙지방법원\n2021타경111626,"서울특별시 관악구 봉천로23길 66, 3층301호\n[집합건물 철근콘크리트조 78.12㎡]"
658d2a908da8273ce357c86a,서울중앙지방법원,서울중앙지방법원\n2022타경1252,서울특별시 관악구 신림동 254-238\n[토지 대 139㎡]
658d2a908da8273ce357c86b,서울중앙지방법원,서울중앙지방법원\n2022타경1252,서울특별시 관악구 신림동 254-239\n[토지 대 139㎡]
658d2a908da8273ce357c86c,서울중앙지방법원,서울중앙지방법원\n2022타경1252,서울특별시 관악구 대학12길 64\n[건물 철근콘크리트조및 연와조 스라브지붕 근린생활시설및주택 1층 135.54㎡ 2층 132.84㎡ 3층 132.84㎡ 4층 120.78㎡ 지층 83.75㎡]
658d2a908da8273ce357c86d,서울중앙지방법원,서울중앙지방법원\n2022타경1962,"서울특별시 서초구 매헌로 16, 지1층리빙관지1지135호 (양재동,하이브랜드)\n[집합건물 철근콘크리트구조 192.21㎡]"
658d2a908da8273ce357c86e,서울중앙지방법원,서울중앙지방법원\n2022타경1962,"서울특별시 서초구 매헌로 16, 지1층리빙관지1지136호 (양재동,하이브랜드)\n[집합건물 철근콘크리트구조 198.04㎡]"
658d2a908da8273ce357c86f,서울중앙지방법원,서울중앙지방법원\n2022타경3814\n2021타경109715\n(중복),"서울특별시 서초구 서초중앙로29길 28, 303동 8층807호 (반포동,반포미도아파트)\n[집합건물 철근콩크리트조 84.96㎡ 갑구 4번 정유자 지분 20분의 10 전부]"
658d2a908da8273ce357c870,서울중앙지방법원,서울중앙지방법원\n2022타경4077,"서울특별시 서초구 잠원로3길 6, 101동 11층1105호 (잠원동,킴스빌리지)\n[집합건물 철근콘크리트조 23.70㎡]"
658d2a908da8273ce357c871,서울중앙지방법원,서울중앙지방법원\n2022타경101091,"서울특별시 동작구 국사봉10길 93, 4층403호 (상도동,동산휴그린타운)\n[집합건물 철근콘크리트구조 23.84㎡]"
658d2a908da8273ce357c872,서울중앙지방법원,서울중앙지방법원\n2022타경101770,"서울특별시 중구 을지로45길 62, 지하2층702호 (신당동,누죤빌딩)\n[집합건물 철골철근콘크리트조 5.040㎡]"
658d2a908da8273ce357c873,서울중앙지방법원,서울중앙지방법원\n2022타경102995,"서울특별시 동작구 국사봉8길 64-14, 5층502호 (상도동,미소가)\n[집합건물 철근콘크리트구조 24.36㎡]"
658d2a908da8273ce357c874,서울중앙지방법원,서울중앙지방법원\n2022타경103028,"서울특별시 관악구 남현12길 38, 지층비02호 (남현동,우현빌리지)\n[집합건물 철근콘크리트구조 53.02㎡]"
658d2a908da8273ce357c875,서울중앙지방법원,서울중앙지방법원\n2022타경103394\n2022타경110125\n(중복),"서울특별시 강남구 언주로30길 56, 디동 14층1408호 (도곡동,타워팰리스)\n[집합건물 철골철근콘크리트구조 143.11㎡]"
658d2a908da8273ce357c876,서울중앙지방법원,서울중앙지방법원\n2022타경104427,"서울특별시 관악구 법원단지20길 9, 3층303호 (신림동,예그린)\n[집합건물 철근콘크리트구조 28.93㎡]"
658d2a908da8273ce357c877,서울중앙지방법원,서울중앙지방법원\n2022타경104427,"서울특별시 관악구 법원단지22길 22, 에이동 5층502호 (신림동,우림아트빌)\n[집합건물 철근콘크리트구조 37.49㎡]"
658d2a908da8273ce357c878,서울중앙지방법원,서울중앙지방법원\n2022타경104427,"서울특별시 관악구 법원단지22길 22, 비동 3층302호 (신림동,우림아트빌)\n[집합건물 철근콘크리트구조 37.49㎡]"
658d2a908da8273ce357c879,서울중앙지방법원,서울중앙지방법원\n2022타경104427,"서울특별시 관악구 난곡로26길 115, 2층202호 (신림동,대림아트빌)\n[집합건물 철근콘크리트구조 38.35㎡]"
658d2a908da8273ce357c87a,서울중앙지방법원,서울중앙지방법원\n2022타경105222,서울특별시 종로구 평창동 179-5 밀레니엄 4층402호\n[집합건물 철근콘크리트조 81.9㎡]
658d2a908da8273ce357c87b,서울중앙지방법원,서울중앙지방법원\n2022타경105499,"서울특별시 동작구 양녕로22바길 7, 5층502호 (상도동,행복한동행)\n[집합건물 철근콘크리트구조 29.78㎡]"
658d2a908da8273ce357c87c,서울중앙지방법원,서울중앙지방법원\n2022타경107044,"서울특별시 관악구 양녕로6가길 50, 4층403호\n[집합건물 철근콘크리트구조 18.59㎡ 대지권의표시 토지의표시 1. 서울시 관악구 봉천동 458-6 대 105㎡ 1. 서울시 관악구 봉천동 458-113 대 102㎡ 1. 서울시 관악구 봉천동 458-114 대 1175㎡ 대지권의종류 1,2,3 소유권대지권 대지권의비율 324분의 11.210]"
658d2a908da8273ce357c87d,서울중앙지방법원,서울중앙지방법원\n2022타경107112,"서울특별시 관악구 난곡로57길 11, 비동 2층201호 (신림동,브라운캐슬)\n[집합건물 철근콘크리트구조 48.21㎡ 대지권의표시 토지의표시 1. 서울시 관악구신림동 1480-1 대 514.7㎡ 대지권의종류 1 소유권대지권 대지권의비율 514.70분의 30.014]"
658d2a908da8273ce357c87e,서울중앙지방법원,서울중앙지방법원\n2022타경108337,"서울특별시 동작구 성대로6가길 149, 에이동 3층301호 (상도동,상도동아파트)\n[집합건물 철근콘크리트구조 81.10㎡]"
658d2a908da8273ce357c87f,서울중앙지방법원,서울중앙지방법원\n2022타경109057,"서울특별시 관악구 관천로15길 43, 5층503호 (신림동,자이칸타빌)\n[집합건물 철근콘크리트 구조29.97㎡]"
658d2a908da8273ce357c880,서울중앙지방법원,서울중앙지방법원\n2022타경109057,"서울특별시 관악구 난곡로59길 31, 2층201호 (신림동,진주리츠빌)\n[집합건물 철근콘크리트구조 45.17㎡]"
658d2a908da8273ce357c881,서울중앙지방법원,서울중앙지방법원\n2022타경109057,"서울특별시 관악구 봉천로23다길 49-10, 1층102호 (봉천동,수팰리스에프티)\n[집합건물 철근콘크리트구조 29.85㎡]"
658d2a908da8273ce357c882,서울중앙지방법원,서울중앙지방법원\n2022타경112121,"서울특별시 관악구 행운9길 29, 2층204호 (봉천동,리벤하임)\n[집합건물 철근콘크리트구조 27.16㎡]"
658d2a908da8273ce357c883,서울중앙지방법원,서울중앙지방법원\n2022타경112701,"서울특별시 중구 다산로46길 17, 15층이스트1507호 (흥인동,청계천 두산위브더제니스)\n[집합건물 철근콘크리트구조 92.1357 ㎡]"
658d2a908da8273ce357c884,서울중앙지방법원,서울중앙지방법원\n2022타경112879,"서울특별시 중구 중림로8길 16, 3층302호\n[집합건물 철근콘크리트구조 37.58㎡]"
658d2a908da8273ce357c885,서울중앙지방법원,서울중앙지방법원\n2023타경379,"서울특별시 서초구 바우뫼로39길 88-17, 1층101호\n[집합건물 철근콘크리트구조 23.23㎡]"
658d2a908da8273ce357c886,서울중앙지방법원,서울중앙지방법원\n2023타경379,"서울특별시 서초구 바우뫼로39길 88-17, 2층202호\n[집합건물 철근콘크리트구조 24.53㎡]"
658d2a908da8273ce357c887,서울중앙지방법원,서울중앙지방법원\n2023타경379,"서울특별시 서초구 바우뫼로39길 88-17, 2층203호\n[집합건물 철근콘크리트구조 23.85㎡]"
658d2a908da8273ce357c888,서울중앙지방법원,서울중앙지방법원\n2023타경379,"서울특별시 서초구 바우뫼로39길 88-17, 2층204호\n[집합건물 철근콘크리트구조 24.85㎡]"
658d2a908da8273ce357c889,서울중앙지방법원,서울중앙지방법원\n2023타경379,"서울특별시 서초구 바우뫼로39길 88-17, 3층301호\n[집합건물 철근콘크리트구조 24.61㎡]"
658d2a908da8273ce357c88a,서울중앙지방법원,서울중앙지방법원\n2023타경379,"서울특별시 서초구 바우뫼로39길 88-17, 3층302호\n[집합건물 철근콘크리트구조 24.53㎡]"
658d2a908da8273ce357c88b,서울중앙지방법원,서울중앙지방법원\n2023타경379,"서울특별시 서초구 바우뫼로39길 88-17, 3층303호\n[집합건물 철근콘크리트구조 24.40㎡]"
658d2a918da8273ce357c88c,서울중앙지방법원,서울중앙지방법원\n2023타경379,"서울특별시 서초구 바우뫼로39길 88-17, 3층304호\n[집합건물 철근콘크리트구조 24.60㎡]"
658d2a918da8273ce357c88d,서울중앙지방법원,서울중앙지방법원\n2023타경379,"서울특별시 서초구 바우뫼로39길 88-17, 4층401호\n[집합건물 철근콘크리트구조 30.96㎡]"
658d2a918da8273ce357c88e,서울중앙지방법원,서울중앙지방법원\n2023타경379,"서울특별시 서초구 바우뫼로39길 88-17, 4층402호\n[집합건물 철근콘크리트구조 31.00㎡]"
658d2a918da8273ce357c88f,서울중앙지방법원,서울중앙지방법원\n2023타경515,"서울특별시 중구 퇴계로 72, 1층110호 (회현동1가,리더스뷰남산)\n[집합건물 철근콘크리트구조 46.06㎡]"
658d2a918da8273ce357c890,서울중앙지방법원,서울중앙지방법원\n2023타경744\n2022타경111906\n(중복),"서울특별시 서초구 반포대로 58, 판매시설및운동시설동 222호 (서초동,서초아트자이)\n[집합건물 철근콘크리트구조 46.247㎡]"
658d2a918da8273ce357c891,서울중앙지방법원,서울중앙지방법원\n2023타경744\n2022타경111906\n(중복),"서울특별시 서초구 반포대로 58, 판매시설및운동시설동 223호 (서초동,서초아트자이)\n[집합건물 철근콘크리트구조 32.328㎡]"
658d2a918da8273ce357c892,서울중앙지방법원,서울중앙지방법원\n2023타경744\n2022타경111906\n(중복),"서울특별시 서초구 반포대로 58, 판매시설및운동시설동 224호 (서초동,서초아트자이)\n[집합건물 철근콘크리트구조 32.328㎡]"
658d2a918da8273ce357c893,서울중앙지방법원,서울중앙지방법원\n2023타경744\n2022타경111906\n(중복),"서울특별시 서초구 반포대로 58, 판매시설및운동시설동 225호 (서초동,서초아트자이)\n[집합건물 철근콘크리트구조 35.022㎡]"
658d2a918da8273ce357c894,서울중앙지방법원,서울중앙지방법원\n2023타경744\n2022타경111906\n(중복),"서울특별시 서초구 반포대로 58, 판매시설및운동시설동 226호 (서초동,서초아트자이)\n[집합건물 철근콘크리트구조 35.022㎡]"
658d2a918da8273ce357c895,서울중앙지방법원,서울중앙지방법원\n2023타경744\n2022타경111906\n(중복),"서울특별시 서초구 반포대로 58, 판매시설및운동시설동 227호 (서초동,서초아트자이)\n[집합건물 철근콘크리트구조 29.9071㎡]"
658d2a918da8273ce357c896,서울중앙지방법원,서울중앙지방법원\n2023타경744\n2022타경111906\n(중복),"서울특별시 서초구 반포대로 58, 판매시설및운동시설동 228호 (서초동,서초아트자이)\n[집합건물 철근콘크리트구조 30.1481㎡]"
658d2a918da8273ce357c897,서울중앙지방법원,서울중앙지방법원\n2023타경744\n2022타경111906\n(중복),"서울특별시 서초구 반포대로 58, 판매시설및운동시설동 229호 (서초동,서초아트자이)\n[집합건물 철근콘크리트구조 30.14㎡]"
658d2a918da8273ce357c898,서울중앙지방법원,서울중앙지방법원\n2023타경744\n2022타경111906\n(중복),"서울특별시 서초구 반포대로 58, 판매시설및운동시설동 231호 (서초동,서초아트자이)\n[집합건물 철근콘크리트구조 47.4286㎡]"
658d2a918da8273ce357c899,서울중앙지방법원,서울중앙지방법원\n2023타경768,"서울특별시 중구 장충단로 247, 7층에프7309호 (을지로6가,굿모닝시티쇼핑몰)\n[집합건물 철골철근콘크리트구조 3.50㎡]"
658d2a918da8273ce357c89a,서울중앙지방법원,서울중앙지방법원\n2023타경768,"서울특별시 중구 장충단로 247, 7층에프7310호 (을지로6가,굿모닝시티쇼핑몰)\n[집합건물 철골철근콘크리트구조 3.50㎡]"
658d2a918da8273ce357c89b,서울중앙지방법원,서울중앙지방법원\n2023타경805,"서울특별시 중구 을지로 264, 5층5027호 (을지로6가,동대문패션티브이)\n[집합건물 철골철근콘크리트구조 3.97㎡]"
658d2a918da8273ce357c89c,서울중앙지방법원,서울중앙지방법원\n2023타경805,"서울특별시 중구 을지로 264, 5층5028호 (을지로6가,동대문패션티브이)\n[집합건물 철골철근콘크리트구조 3.97㎡]"
658d2a918da8273ce357c89d,서울중앙지방법원,서울중앙지방법원\n2023타경867,"서울특별시 중구 을지로 264, 4층4032호 (을지로6가,동대문패션티브이)\n[집합건물 철골철근콘크리트구조 3.97㎡]"
658d2a918da8273ce357c89e,서울중앙지방법원,서울중앙지방법원\n2023타경881,"서울특별시 서초구 매헌로 16, 6층리빙관6층645호 (양재동,하이브랜드)\n[집합건물 철근콘크리트구조 12.80㎡]"
658d2a918da8273ce357c89f,서울중앙지방법원,서울중앙지방법원\n2023타경881,"서울특별시 서초구 매헌로 16, 6층리빙관6층646호 (양재동,하이브랜드)\n[집합건물 철근콘크리트구조 11.61㎡]"
658d2a918da8273ce357c8a0,서울중앙지방법원,서울중앙지방법원\n2023타경966,"서울특별시 중구 을지로 264, 3층3028호 (을지로6가,동대문패션티브이)\n[집합건물 철골철근콘크리트구조 3.97㎡]"
658d2a918da8273ce357c8a1,서울중앙지방법원,서울중앙지방법원\n2023타경1020,"서울특별시 중구 퇴계로 123, 3층3063호 (충무로2가,하이해리엇)\n[집합건물 철골철근콘크리트구조 3.83㎡]"
658d2a918da8273ce357c8a2,서울중앙지방법원,서울중앙지방법원\n2023타경1082,"서울특별시 중구 퇴계로 123, 6층6101호 (충무로2가,하이해리엇)\n[집합건물 철골철근콘크리트구조 5.02㎡]"
658d2a918da8273ce357c8a3,서울중앙지방법원,서울중앙지방법원\n2023타경1228,"서울특별시 중구 퇴계로 123, 2층2088호 (충무로2가,하이해리엇)\n[집합건물 철골철근콘크리트구조 3.48㎡]"
658d2a918da8273ce357c8a4,서울중앙지방법원,서울중앙지방법원\n2023타경1518,"서울특별시 중구 을지로 264, 5층5084호 (을지로6가,동대문패션티브이)\n[집합건물 철골철근콘크리트구조 3.97㎡]"
658d2a918da8273ce357c8a5,서울중앙지방법원,서울중앙지방법원\n2023타경1518,"서울특별시 중구 을지로 264, 6층6112호 (을지로6가,동대문패션티브이)\n[집합건물 철골철근콘크리트구조 3.97㎡]"
658d2a918da8273ce357c8a6,서울중앙지방법원,서울중앙지방법원\n2023타경1532,"서울특별시 중구 을지로 264, 6층6135호 (을지로6가,동대문패션티브이)\n[집합건물 철골철근콘크리트구조 3.97㎡]"
658d2a918da8273ce357c8a7,서울중앙지방법원,서울중앙지방법원\n2023타경1594,서울특별시 관악구 봉천동 905-19\n[토지 대 180.2㎡]
658d2a918da8273ce357c8a8,서울중앙지방법원,서울중앙지방법원\n2023타경1594,서울특별시 관악구 은천로10길 31\n[건물 철근콘크리트구조 (철근)콘크리트지붕 3층 단독주택 및 제2종근린생활시설 지1 101.36㎡ 1층 83.51㎡ 2층 83.51㎡ 3층 83.51㎡ 옥탑1층 42.67㎡ (연면적제외)]
658d2a918da8273ce357c8a9,서울중앙지방법원,서울중앙지방법원\n2023타경1617,"서울특별시 중구 충무로 13, 2층207호 (충무로3가,엘크루메트로시티)\n[집합건물 철근콘크리트구조 16.50㎡]"
658d2a918da8273ce357c8aa,서울중앙지방법원,서울중앙지방법원\n2023타경1617,"서울특별시 중구 충무로 13, 2층208호 (충무로3가,엘크루메트로시티)\n[집합건물 철근콘크리트구조 16.50㎡]"
658d2a918da8273ce357c8ab,서울중앙지방법원,서울중앙지방법원\n2023타경1655,"서울특별시 중구 을지로 264, 6층6131호 (을지로6가,동대문패션티브이)\n[집합건물 철골철근콘크리트구조 3.97㎡]"
658d2a918da8273ce357c8ac,서울중앙지방법원,서울중앙지방법원\n2023타경1679,"서울특별시 중구 을지로 264, 3층3206호 (을지로6가,동대문패션티브이)\n[집합건물 철골철근콘크리트구조 3.97㎡]"
658d2a918da8273ce357c8ad,서울중앙지방법원,서울중앙지방법원\n2023타경1723,서울특별시 중구 신당동 333-130\n[토지 대 383㎡]
658d2a918da8273ce357c8ae,서울중앙지방법원,서울중앙지방법원\n2023타경1723,서울특별시 중구 다산로22길 45\n[건물 목조 스레트즙 단층주택 108.69㎡ 지층 1.65㎡ 목조 아연즙 단층 물치 3.31㎡]
658d2a918da8273ce357c8af,서울중앙지방법원,서울중앙지방법원\n2023타경1730,"서울특별시 서초구 사임당로 130, 7동 13층1314호 (서초동,신동아아파트)\n[집합건물 철근콩크리트조 75.86㎡]"
658d2a918da8273ce357c8b0,서울중앙지방법원,서울중앙지방법원\n2023타경2597,"서울특별시 강남구 선릉로 221, 102동 16층1602호 (도곡동,도곡렉슬아파트)\n[집합건물 철근콘크리트구조 59.9772㎡]"
658d2a928da8273ce357c8b1,서울중앙지방법원,서울중앙지방법원\n2023타경2702,"서울특별시 서초구 신반포로23길 78-10, 6층602호 (잠원동,신반포중앙하이츠)\n[집합건물 철근콘크리트구조 53.31㎡]"
658d2a928da8273ce357c8b2,서울중앙지방법원,서울중앙지방법원\n2023타경2757,서울특별시 종로구 숭인동 56-177\n[토지 대 70.7㎡ 갑구 9번 조동선 지분 15분의 1 전부]
658d2a928da8273ce357c8b3,서울중앙지방법원,서울중앙지방법원\n2023타경2788,서울특별시 중구 충무로1가 23-19\n[토지 대 104.8㎡]
658d2a928da8273ce357c8b4,서울중앙지방법원,서울중앙지방법원\n2023타경2788,서울특별시 중구 명동8길 46\n[건물 1호 목조 세멘부록조 및 함석지붕 4층 점포 1층 84.32㎡ 2층 84.32㎡ 3층 84.32㎡ 4층 36.06㎡]
658d2a928da8273ce357c8b5,서울중앙지방법원,서울중앙지방법원\n2023타경2931,"서울특별시 관악구 남부순환로260길 65, 4층401호\n[집합건물 철근콘크리트구조 48.88]"
658d2a928da8273ce357c8b6,서울중앙지방법원,서울중앙지방법원\n2023타경3095,"서울특별시 종로구 평창문화로 81-8, 3동 101호 (평창동,현대빌라)\n[집합건물 철근콩크리트조 층 146.59㎡ 지하 23.70㎡ 부속 차고 13.48㎡]"
658d2a928da8273ce357c8b7,서울중앙지방법원,서울중앙지방법원\n2023타경3453,"서울특별시 종로구 평창11길 19-3, 2층 502호 (평창동,요진빌라)\n[집합건물 알.씨조 227.785㎡]"
658d2a928da8273ce357c8b8,서울중앙지방법원,서울중앙지방법원\n2023타경3507,"서울특별시 강남구 언주로 122, 2층207호 (도곡동,우성캐릭터-빌)\n[집합건물 철골.철근콘크리트조 51.55㎡]"
658d2a928da8273ce357c8b9,서울중앙지방법원,서울중앙지방법원\n2023타경3552,서울특별시 강남구 신사동 637-10\n[토지 대 382.5㎡ 갑구 1번 이훈숙 지분 2분의 1 전부]
658d2a928da8273ce357c8ba,서울중앙지방법원,서울중앙지방법원\n2023타경3552,서울특별시 강남구 언주로174길 16\n[건물 철근콘크리트조 슬라브지붕 5층 근린생활시설 1층 187.7 ㎡ 2층 189.81㎡ 3층 189.81㎡ 4층 195.42㎡ 5층 60.28㎡ 지하1층 250.8㎡ 갑구 1번 이훈숙 지분 2분의 1 전부]
658d2a928da8273ce357c8bb,서울중앙지방법원,서울중앙지방법원\n2023타경3637,서울특별시 종로구 익선동 21\n[토지 대 72.7㎡]
658d2a928da8273ce357c8bc,서울중앙지방법원,서울중앙지방법원\n2023타경3637,"서울특별시 종로구 돈화문로11나길 66\n[건물 철근콘크리트 평슬래브지붕 3층 위험물저장및처리시설, 주택 1층 31.16㎡ 2층 33.08㎡ 3층 38.23㎡ (내역:1층 위험물저장및처리시설, 2,3층 주택)]"
658d2a928da8273ce357c8bd,서울중앙지방법원,서울중앙지방법원\n2023타경100262,"서울특별시 관악구 난곡로30길 12, 3층304호 (신림동,예성휴캐슬)\n[집합건물 철근콘크리트구조 36.62㎡]"
658d2a928da8273ce357c8be,서울중앙지방법원,서울중앙지방법원\n2023타경100866,"서울특별시 관악구 은천로35다길 26-4, 4층401호 (봉천동,더빌)\n[집합건물 철근콘크리트구조 53.47㎡]"
658d2a928da8273ce357c8bf,서울중앙지방법원,서울중앙지방법원\n2023타경100866,"서울특별시 동작구 국사봉10길 38-3, 4층402호 (상도동,미소빌)\n[집합건물 철근콘크리트구조 39.21㎡]"
658d2a928da8273ce357c8c0,서울중앙지방법원,서울중앙지방법원\n2023타경101388,"서울특별시 관악구 난곡로47길 10, 5층502호\n[집합건물 철근콘크리트구조 37.83㎡]"
658d2a928da8273ce357c8c1,서울중앙지방법원,서울중앙지방법원\n2023타경101852,"서울특별시 관악구 쑥고개로2가길 15, 3층303호 (신림동,뷰테라스)\n[집합건물 철근콘크리트구조 29.52㎡]"
658d2a928da8273ce357c8c2,서울중앙지방법원,서울중앙지방법원\n2023타경101920,"서울특별시 동작구 여의대방로26길 50, 4층403호 (대방동,성진리치빌)\n[집합건물 철근콘크리트구조 35.22㎡]"
658d2a928da8273ce357c8c3,서울중앙지방법원,서울중앙지방법원\n2023타경102107,"서울특별시 관악구 난곡로49길 20, 101동 2층203호 (신림동,골든네스트)\n[집합건물 철근콘크리트구조 28.49㎡]"
658d2a928da8273ce357c8c4,서울중앙지방법원,서울중앙지방법원\n2023타경102121,서울특별시 중구 신당동 133-20\n[토지 대 81.8㎡]
658d2a928da8273ce357c8c5,서울중앙지방법원,서울중앙지방법원\n2023타경102534,서울특별시 서초구 원지동 150-2\n[토지 전 3600㎡ 갑구 13번 현두선 지분 6분의 1 전부]
658d2a928da8273ce357c8c6,서울중앙지방법원,서울중앙지방법원\n2023타경103377\n2023타경105960\n(중복),"서울특별시 강남구 삼성로 150, 109동 2층203호 (삼성동,한보미도맨션)\n[집합건물 철근콘크리트조 174.67㎡]"
658d2a928da8273ce357c8c7,서울중앙지방법원,서울중앙지방법원\n2023타경103773,서울특별시 종로구 부암동 382-69\n[토지 대 73㎡]
658d2a928da8273ce357c8c8,서울중앙지방법원,서울중앙지방법원\n2023타경103773,서울특별시 종로구 부암동 382-68\n[건물 블럭조기와지붕단층주택 28.85㎡]
658d2a928da8273ce357c8c9,서울중앙지방법원,서울중앙지방법원\n2023타경103964,"서울특별시 강남구 삼성로4길 17, 506동 1층101호\n[집합건물 철근콩크리트조 53.98㎡]"
658d2a928da8273ce357c8ca,서울중앙지방법원,서울중앙지방법원\n2023타경103964,서울특별시 강남구 개포동 187\n[토지 대 55858㎡ 갑구 1번 장한수 지분 55858분의 45.06 전부]
658d2a928da8273ce357c8cb,서울중앙지방법원,서울중앙지방법원\n2023타경104677,서울특별시 관악구 봉천동 178-158\n[토지 도로 40㎡ 갑구 2번 정성환 지분 3분의 1 전부]
658d2a928da8273ce357c8cc,서울중앙지방법원,서울중앙지방법원\n2023타경105007,서울특별시 강남구 도곡동 518-1\n[토지 대 495.9㎡]
658d2a928da8273ce357c8cd,서울중앙지방법원,서울중앙지방법원\n2023타경105007,서울특별시 강남구 논현로30길 14\n[건물 철골조 평슬라브 4층 근린생활시설 1층 270.30㎡ 2층 288.76㎡ 3층 288.76㎡ 4층 288.76㎡]
658d2a928da8273ce357c8ce,서울중앙지방법원,서울중앙지방법원\n2023타경105212,"서울특별시 동작구 성대로12가길 72, 5층501호 (상도동,강호빌리지)\n[집합건물 철근콘크리트구조 29.74㎡]"
658d2a928da8273ce357c8cf,서울중앙지방법원,서울중앙지방법원\n2023타경105670,서울특별시 동작구 사당동 1026-50\n[토지 대 200.3㎡]
658d2a938da8273ce357c8d0,서울중앙지방법원,서울중앙지방법원\n2023타경105717,"서울특별시 관악구 청룡4길 32, 8층802호 (봉천동,청룡오피스텔)\n[집합건물 철근콘크리트구조 14.26㎡]"
658d2a938da8273ce357c8d1,서울중앙지방법원,서울중앙지방법원\n2023타경105755,"서울특별시 관악구 신림로44가길 51, 2층201호 (신림동,삼성아트빌)\n[집합건물 철근콘크리구조 48.01㎡]"
658d2a938da8273ce357c8d2,서울중앙지방법원,서울중앙지방법원\n2023타경105793,"서울특별시 종로구 종로63마길 4, 지하1층201호 (숭인동,로하스빌12차)\n[집합건물 철근콘크리트구조 22.01㎡]"
658d2a938da8273ce357c8d3,서울중앙지방법원,서울중앙지방법원\n2023타경105878,서울특별시 중구 장충동2가 192-21\n[토지 대 23.1㎡ 경매할 지분 3분의 1 오산 지분 전부]
658d2a938da8273ce357c8d4,서울중앙지방법원,서울중앙지방법원\n2023타경106017,"서울특별시 관악구 은천로 93, 205동 16층1602호 (봉천동,벽산블루밍)\n[집합건물 철근콘크리트조 114.97㎡]"
658d2a938da8273ce357c8d5,서울중앙지방법원,서울중앙지방법원\n2023타경106192,"서울특별시 동작구 국사봉10길 93, 5층502호 (상도동,동산휴그린타운)\n[집합건물 철근콘크리트구조 17.06㎡]"
658d2a938da8273ce357c8d6,서울중앙지방법원,서울중앙지방법원\n2023타경106413\n2023타경3217\n(중복),서울특별시 동작구 사당동 1032-3\n[토지 대 131㎡]
658d2a938da8273ce357c8d7,서울중앙지방법원,서울중앙지방법원\n2023타경106413\n2023타경3217\n(중복),서울특별시 동작구 사당동 1032-6\n[토지 대 190.1㎡]
658d2a938da8273ce357c8d8,서울중앙지방법원,서울중앙지방법원\n2023타경106567,서울특별시 종로구 동숭동 201-28\n[토지 대 162㎡ 갑구 3번 최재은 지분 7분의 1 전부]
658d2a938da8273ce357c8d9,서울중앙지방법원,서울중앙지방법원\n2023타경106567,서울특별시 종로구 낙산3길 38\n[건물 벽돌조 평슬래브지붕 2층 주택 1층 69.81㎡ 2층 69.81㎡ 지층 69.81㎡ 내역 지층 대피실 보일러실임 갑구 1번 최재은 지분 7분의 1 전부]
658d2a938da8273ce357c8da,서울중앙지방법원,서울중앙지방법원\n2023타경106581,"서울특별시 관악구 행운5길 29, 5층502호 (봉천동,비쥬타운에이)\n[집합건물 철근콘크리트구조 26.25㎡]"
658d2a938da8273ce357c8db,서울중앙지방법원,서울중앙지방법원\n2023타경106765,"서울특별시 관악구 난곡로24라길 21, 101동 4층401호 (신림동,씨지아름채)\n[집합건물 철근콘크리트구조 28.51㎡]"
658d2a938da8273ce357c8dc,서울중앙지방법원,서울중앙지방법원\n2023타경106796,"서울특별시 관악구 은천로35다길 26-4, 2층202호 (봉천동,더빌)\n[집합건물 철근콘크리구조 29.98㎡]"
658d2a938da8273ce357c8dd,서울중앙지방법원,서울중앙지방법원\n2023타경106871,"서울특별시 강남구 광평로19길 15, 108동 11층1106호 (일원동,목련타운)\n[집합건물 철근콘크리트조 134.71㎡]"
658d2a938da8273ce357c8de,서울중앙지방법원,서울중앙지방법원\n2023타경106888,사용본거지 : 서울특별시 서초구 내곡동 1-593\n[K7 2012년식 승용차]
658d2a938da8273ce357c8df,서울중앙지방법원,서울중앙지방법원\n2023타경106932,사용본거지 : 서울특별시 서초구 신흥말길 130-4\n[K5 하이브리드 2012년식 승용차]
658d2a938da8273ce357c8e0,서울중앙지방법원,서울중앙지방법원\n2023타경107072,"서울특별시 관악구 양지길 52-1, 105동 15층1502호 (신림동,관악우정하이비젼아파트2단지)\n[집합건물 철근콘크리트구조 84.58㎡]"
658d2a938da8273ce357c8e1,서울중앙지방법원,서울중앙지방법원\n2023타경107195,"서울특별시 관악구 신림로66길 42, 10층1004호 (신림동,신림큐브)\n[집합건물 철근콘크리트구조 13.41㎡]"
658d2a938da8273ce357c8e2,서울중앙지방법원,서울중앙지방법원\n2023타경107386,"서울특별시 강남구 삼성로 436, 5층501호 (대치동,바실리체)\n[집합건물 철근콘크리트구조 44.58㎡]"
658d2a938da8273ce357c8e3,서울중앙지방법원,서울중앙지방법원\n2023타경107515,서울특별시 강남구 청담동 13-12\n[토지 대 315.5㎡]
658d2a938da8273ce357c8e4,서울중앙지방법원,서울중앙지방법원\n2023타경107515,서울특별시 강남구 도산대로70길 23\n[건물 철근콘크리트구조 철근콘크리트지붕 4층 근린생활시설 지하1층 215.28㎡ 1층 172.56㎡ 2층 171.78㎡ 3층 165.48㎡ 4층 130.66㎡]
658d2a938da8273ce357c8e5,서울중앙지방법원,서울중앙지방법원\n2023타경107683\n2023타경111378\n(중복),서울특별시 관악구 봉천동 644-19\n[토지 대 175㎡]
658d2a938da8273ce357c8e6,서울중앙지방법원,서울중앙지방법원\n2023타경107683\n2023타경111378\n(중복),서울특별시 관악구 봉천로23다길 56\n[건물 철근콘크리트구조 (철근)콘크리트지붕 3층 단독주택 지1 91.85㎡ 1층 75.72㎡ 2층 81.51㎡ 3층 80.74㎡ 옥탑1층 10.08㎡(연면적제외)]
658d2a938da8273ce357c8e7,서울중앙지방법원,서울중앙지방법원\n2023타경107690,"서울특별시 관악구 관천로11길 95, 2층202호 (신림동,엠엘쉐르빌)\n[집합건물 철근콘크리트구조 38.42㎡]"
658d2a938da8273ce357c8e8,서울중앙지방법원,서울중앙지방법원\n2023타경107713,"서울특별시 중구 청계천로 400, 101동 32층3210호 (황학동,롯데캐슬 베네치아)\n[집합건물 일반철골구조 84.97㎡]"
658d2a938da8273ce357c8e9,서울중앙지방법원,서울중앙지방법원\n2023타경107720,서울특별시 중구 신당동 432-1234\n[토지 대 102㎡ 갑구 8번 박상현 7분의2 지분 전부]
658d2a938da8273ce357c8ea,서울중앙지방법원,서울중앙지방법원\n2023타경107720,서울특별시 중구 동호로11길 108-7\n[건물 연와조 슬래브지붕2층주택 1층 39.11㎡ 2층 39.11㎡ 갑구6번 박상현 7분의2 지분 전부]
658d2a938da8273ce357c8eb,서울중앙지방법원,서울중앙지방법원\n2023타경107812,서울특별시 종로구 평창동 416-17\n[토지 대 466㎡ 갑구 2번 최상미 지분 2분의 1 전부]
658d2a938da8273ce357c8ec,서울중앙지방법원,서울중앙지방법원\n2023타경107812,"서울특별시 종로구 평창42길 35\n[건물 철근콘크리트조 평경사슬래브지붕 2층 단독주택 및 근린생활시설 1층 138.43㎡ 2층 118.78㎡ 지층 113.40㎡ 용도내역:1,2층 주택 지층-주택 52.36㎡, 근린생활시설(사무소)61.04㎡ 갑구 1번 최상미 지분 2분의 1 전부]"
658d2a938da8273ce357c8ed,서울중앙지방법원,서울중앙지방법원\n2023타경107911\n2023타경107966\n(중복),"서울특별시 서초구 동산로19길 20, 4층402호 (양재동,꾸메빌)\n[집합건물 철근콘크리트구조 41.96㎡]"
658d2a938da8273ce357c8ee,서울중앙지방법원,서울중앙지방법원\n2023타경108075,"서울특별시 강남구 학동로68길 29, 115동 16층1602호 (삼성동,삼성동 힐스테이트1 단지)\n[집합건물 철근콘크리트구조 84.236㎡]"
658d2a938da8273ce357c8ef,서울중앙지방법원,서울중앙지방법원\n2023타경108204,"서울특별시 관악구 난곡로63길 26, 9층902호 (신림동,삼성 아파트)\n[집합건물 철근콘크리트구조 69.29㎡ 갑구 1번 채움산업개발 주식회사 지분 294분의 16.33 전부]"
658d2a938da8273ce357c8f0,서울중앙지방법원,서울중앙지방법원\n2023타경108280,서울특별시 강남구 역삼동 779-1\n[토지 대 313.6㎡]
658d2a938da8273ce357c8f1,서울중앙지방법원,서울중앙지방법원\n2023타경108280,"서울특별시 강남구 도곡로37길 38 (역삼동,스타빌딩1)\n[건물 철근콘크리트구조 평스라브지붕 6층 제2종근린생활시설,단독주택 지1층 129.01㎡ 1층 139.47㎡ 2층 150㎡ 3층 150㎡ 4층 150㎡ 5층 93.34㎡ 6층 69.43㎡ 옥탑2층 13.42㎡(연면적 제외) 옥탑1층 13.42㎡(연면적 제외)]"
658d2a938da8273ce357c8f2,서울중앙지방법원,서울중앙지방법원\n2023타경108334,사용본거지 : 서울특별시 서초구 신흥말길 130-4\n[BMW X5 xDrive30d 2015년식 승용차]
658d2a948da8273ce357c8f3,서울중앙지방법원,서울중앙지방법원\n2023타경108358,"서울특별시 서초구 반포대로 275, 124동 26층2601호 (반포동,래미안퍼스티지)\n[집합건물 철근콘크리트구조 222.15㎡]"
658d2a948da8273ce357c8f4,서울중앙지방법원,서울중앙지방법원\n2023타경108440,"서울특별시 동작구 사당로17길 111, 1동 9층906호 (사당동,현대아파트)\n[집합건물 철근콘크리트조 120.03㎡]"
658d2a948da8273ce357c8f5,서울중앙지방법원,서울중앙지방법원\n2023타경108495,"서울특별시 동작구 양녕로22다길 27, 4층402호\n[집합건물 철근콘크리트조 44.92㎡]"
658d2a948da8273ce357c8f6,서울중앙지방법원,서울중앙지방법원\n2023타경108570,"서울특별시 종로구 평창문화로 142, 1층103호 (평창동,엘리시아)\n[집합건물 철근콘크리트구조 213.07㎡]"
658d2a948da8273ce357c8f7,서울중앙지방법원,서울중앙지방법원\n2023타경108655,"서울특별시 동작구 국사봉10길 62-4, 2층203호\n[집합건물 철근콘크리트구조 29.85㎡]"
658d2a948da8273ce357c8f8,서울중앙지방법원,서울중앙지방법원\n2023타경108938\n2023타경108709\n(중복),"서울특별시 서초구 남부순환로 2183, 102동 15층1503호 (방배동,방배래미안타워)\n[집합건물 철근콘크리트구조 134.96㎡]"
658d2a948da8273ce357c8f9,서울중앙지방법원,서울중앙지방법원\n2023타경109085,"서울특별시 서초구 서초대로 13, 1동 11층1103호 (방배동,방배마에스트로)\n[집합건물 철골철근콘크리트구조 공동주택(아파트) 35.3700㎡]"
658d2a948da8273ce357c8fa,서울중앙지방법원,서울중앙지방법원\n2023타경109092,"서울특별시 강남구 영동대로142길 25, 15층1501호 (청담동,청담아이파크)\n[집합건물 철근 콘크리트조 110.14㎡]"
658d2a948da8273ce357c8fb,서울중앙지방법원,서울중앙지방법원\n2023타경109139,"서울특별시 관악구 조원로23길 5, 지하층비02호\n[집합건물 알.씨조 59.28㎡]"
658d2a948da8273ce357c8fc,서울중앙지방법원,서울중앙지방법원\n2023타경109245,"서울특별시 강남구 선릉로69길 19, 112동 11층1102호 (역삼동,역삼래미안)\n[집합건물 철근콘크리트조 59.53㎡]"
658d2a948da8273ce357c8fd,서울중앙지방법원,서울중앙지방법원\n2023타경109344,"서울특별시 동작구 남부순환로265길 13, 6층601호 (사당동,기쁨채)\n[집합건물 철근콘크리트구조 57.43㎡]"
658d2a948da8273ce357c8fe,서울중앙지방법원,서울중앙지방법원\n2023타경109351,서울특별시 동작구 사당동 419-152 씨에스하우스 3층305호\n[집합건물 철근콘크리트구조 17.09㎡]
658d2a948da8273ce357c8ff,서울중앙지방법원,서울중앙지방법원\n2023타경109368,"서울특별시 관악구 국회단지길 64, 3층302호 (봉천동,나무그늘빌)\n[집합건물 철근콘크리트구조 29.97㎡]"
658d2a948da8273ce357c900,서울중앙지방법원,서울중앙지방법원\n2023타경109597,"서울특별시 관악구 은천로35라길 25, 2층203호 (봉천동,프라임21)\n[집합건물 철근콘크리트구조 32.46㎡]"
658d2a948da8273ce357c901,서울중앙지방법원,서울중앙지방법원\n2023타경109627,"서울특별시 서초구 반포대로23길 64-7, 비동 1층102호 (서초동,삼성홈스테이)\n[집합건물 철근콘크리트구조 29.96㎡]"
658d2a948da8273ce357c902,서울중앙지방법원,서울중앙지방법원\n2023타경109696,서울특별시 동작구 사당동 419-152 씨에스하우스 4층405호\n[집합건물 철근콘크리트구조 17.09㎡]
658d2a948da8273ce357c903,서울중앙지방법원,서울중앙지방법원\n2023타경109931,"서울특별시 관악구 낙성대역10길 21, 1층102호 (봉천동,대호리치빌)\n[집합건물 철근콘크리트조 68.74㎡]"
658d2a948da8273ce357c904,서울중앙지방법원,서울중앙지방법원\n2023타경109979,"서울특별시 종로구 종로31길 43, 10층1001호 (인의동,루비온오피스텔)\n[집합건물 철근콘크리트구조 18.2㎡]"
658d2a948da8273ce357c905,서울중앙지방법원,서울중앙지방법원\n2023타경110016,"서울특별시 서초구 반포대로5길 65, 101동 4층403호 (서초동,아이파크빌)\n[집합건물 철근콘크리트 벽식조 179.28㎡]"
658d2a948da8273ce357c906,서울중앙지방법원,서울중앙지방법원\n2023타경110030,"서울특별시 관악구 남부순환로156길 40, 2층202호\n[집합건물 철근콘크리트조 54.65㎡]"
